date,sku_id,units_sold,promotion_active
2025-02-17,M001,4,False
2025-02-17,M002,1,False
2025-02-17,M003,1,False
2025-02-17,A001,7,False
2025-02-17,A002,5,False
2025-02-17,A003,4,False
2025-02-17,A004,4,False
2025-02-17,A005,2,False
2025-02-17,A006,4,False
2025-02-17,B001,6,False
2025-02-17,B002,0,False
2025-02-18,M001,2,False
2025-02-18,M002,2,False
2025-02-18,M003,0,False
2025-02-18,A001,6,False
2025-02-18,A002,5,False
2025-02-18,A003,9,False
2025-02-18,A004,2,False
2025-02-18,A005,3,False
2025-02-18,A006,3,False
2025-02-18,B001,4,False
2025-02-18,B002,3,False
2025-02-19,M001,2,False
2025-02-19,M002,3,False
2025-02-19,M003,1,False
2025-02-19,A001,11,False
2025-02-19,A002,5,False
2025-02-19,A003,9,False
2025-02-19,A004,3,False
2025-02-19,A005,3,False
2025-02-19,A006,5,False
2025-02-19,B001,3,False
2025-02-19,B002,0,False
2025-02-20,M001,5,False
2025-02-20,M002,4,False
2025-02-20,M003,1,False
2025-02-20,A001,12,False
2025-02-20,A002,11,False
2025-02-20,A003,11,False
2025-02-20,A004,2,False
2025-02-20,A005,10,False
2025-02-20,A006,7,False
2025-02-20,B001,7,False
2025-02-20,B002,7,False
2025-02-21,M001,4,False
2025-02-21,M002,1,False
2025-02-21,M003,0,False
2025-02-21,A001,14,False
2025-02-21,A002,5,False
2025-02-21,A003,9,False
2025-02-21,A004,6,False
2025-02-21,A005,9,False
2025-02-21,A006,1,False
2025-02-21,B001,3,False
2025-02-21,B002,2,False
2025-02-22,M001,3,False
2025-02-22,M002,5,False
2025-02-22,M003,0,False
2025-02-22,A001,19,False
2025-02-22,A002,9,False
2025-02-22,A003,5,False
2025-02-22,A004,7,False
2025-02-22,A005,12,False
2025-02-22,A006,5,False
2025-02-22,B001,6,False
2025-02-22,B002,5,False
2025-02-23,M001,2,False
2025-02-23,M002,2,False
2025-02-23,M003,2,False
2025-02-23,A001,6,False
2025-02-23,A002,9,False
2025-02-23,A003,6,False
2025-02-23,A004,2,False
2025-02-23,A005,8,False
2025-02-23,A006,4,False
2025-02-23,B001,8,False
2025-02-23,B002,5,False
2025-02-24,M001,2,False
2025-02-24,M002,6,False
2025-02-24,M003,4,False
2025-02-24,A001,6,False
2025-02-24,A002,7,False
2025-02-24,A003,12,False
2025-02-24,A004,3,False
2025-02-24,A005,7,False
2025-02-24,A006,4,False
2025-02-24,B001,4,False
2025-02-24,B002,3,False
2025-02-25,M001,3,False
2025-02-25,M002,4,False
2025-02-25,M003,0,False
2025-02-25,A001,5,False
2025-02-25,A002,4,False
2025-02-25,A003,3,False
2025-02-25,A004,4,False
2025-02-25,A005,4,False
2025-02-25,A006,3,False
2025-02-25,B001,5,False
2025-02-25,B002,4,False
2025-02-26,M001,2,False
2025-02-26,M002,0,False
2025-02-26,M003,1,False
2025-02-26,A001,10,False
2025-02-26,A002,7,False
2025-02-26,A003,3,False
2025-02-26,A004,3,False
2025-02-26,A005,6,False
2025-02-26,A006,5,False
2025-02-26,B001,3,False
2025-02-26,B002,2,False
2025-02-27,M001,1,False
2025-02-27,M002,1,False
2025-02-27,M003,2,False
2025-02-27,A001,13,False
2025-02-27,A002,9,False
2025-02-27,A003,6,False
2025-02-27,A004,8,False
2025-02-27,A005,8,False
2025-02-27,A006,5,False
2025-02-27,B001,3,False
2025-02-27,B002,0,False
2025-02-28,M001,4,False
2025-02-28,M002,3,False
2025-02-28,M003,5,False
2025-02-28,A001,11,False
2025-02-28,A002,5,False
2025-02-28,A003,13,False
2025-02-28,A004,7,False
2025-02-28,A005,2,False
2025-02-28,A006,6,False
2025-02-28,B001,3,False
2025-02-28,B002,3,False
2025-03-01,M001,0,False
2025-03-01,M002,5,False
2025-03-01,M003,2,False
2025-03-01,A001,16,False
2025-03-01,A002,10,False
2025-03-01,A003,10,False
2025-03-01,A004,7,False
2025-03-01,A005,6,False
2025-03-01,A006,5,False
2025-03-01,B001,7,False
2025-03-01,B002,1,False
2025-03-02,M001,6,False
2025-03-02,M002,5,False
2025-03-02,M003,0,False
2025-03-02,A001,12,False
2025-03-02,A002,8,False
2025-03-02,A003,7,False
2025-03-02,A004,8,False
2025-03-02,A005,11,False
2025-03-02,A006,5,False
2025-03-02,B001,7,False
2025-03-02,B002,2,False
2025-03-03,M001,0,False
2025-03-03,M002,4,False
2025-03-03,M003,3,False
2025-03-03,A001,10,False
2025-03-03,A002,11,False
2025-03-03,A003,10,False
2025-03-03,A004,4,False
2025-03-03,A005,4,False
2025-03-03,A006,7,False
2025-03-03,B001,3,False
2025-03-03,B002,5,False
2025-03-04,M001,6,False
2025-03-04,M002,0,False
2025-03-04,M003,0,False
2025-03-04,A001,9,False
2025-03-04,A002,9,False
2025-03-04,A003,7,False
2025-03-04,A004,7,False
2025-03-04,A005,7,False
2025-03-04,A006,3,False
2025-03-04,B001,6,False
2025-03-04,B002,3,False
2025-03-05,M001,2,False
2025-03-05,M002,6,False
2025-03-05,M003,8,False
2025-03-05,A001,14,False
2025-03-05,A002,7,False
2025-03-05,A003,11,False
2025-03-05,A004,4,False
2025-03-05,A005,5,False
2025-03-05,A006,5,False
2025-03-05,B001,5,False
2025-03-05,B002,2,False
2025-03-06,M001,2,False
2025-03-06,M002,6,False
2025-03-06,M003,3,False
2025-03-06,A001,10,False
2025-03-06,A002,13,False
2025-03-06,A003,9,False
2025-03-06,A004,4,False
2025-03-06,A005,9,False
2025-03-06,A006,6,False
2025-03-06,B001,3,False
2025-03-06,B002,2,False
2025-03-07,M001,3,False
2025-03-07,M002,3,False
2025-03-07,M003,6,False
2025-03-07,A001,14,False
2025-03-07,A002,6,False
2025-03-07,A003,13,False
2025-03-07,A004,2,False
2025-03-07,A005,10,False
2025-03-07,A006,9,False
2025-03-07,B001,4,False
2025-03-07,B002,3,False
2025-03-08,M001,4,False
2025-03-08,M002,6,False
2025-03-08,M003,1,False
2025-03-08,A001,15,False
2025-03-08,A002,10,False
2025-03-08,A003,13,False
2025-03-08,A004,9,False
2025-03-08,A005,5,False
2025-03-08,A006,3,False
2025-03-08,B001,5,False
2025-03-08,B002,3,False
2025-03-09,M001,4,False
2025-03-09,M002,0,False
2025-03-09,M003,5,False
2025-03-09,A001,9,False
2025-03-09,A002,10,False
2025-03-09,A003,12,False
2025-03-09,A004,10,False
2025-03-09,A005,8,False
2025-03-09,A006,7,False
2025-03-09,B001,9,False
2025-03-09,B002,0,False
2025-03-10,M001,3,False
2025-03-10,M002,2,False
2025-03-10,M003,1,False
2025-03-10,A001,11,False
2025-03-10,A002,6,False
2025-03-10,A003,8,False
2025-03-10,A004,7,False
2025-03-10,A005,8,False
2025-03-10,A006,5,False
2025-03-10,B001,2,False
2025-03-10,B002,2,False
2025-03-11,M001,3,False
2025-03-11,M002,4,False
2025-03-11,M003,0,False
2025-03-11,A001,15,False
2025-03-11,A002,4,False
2025-03-11,A003,12,False
2025-03-11,A004,6,False
2025-03-11,A005,9,False
2025-03-11,A006,5,False
2025-03-11,B001,3,False
2025-03-11,B002,1,False
2025-03-12,M001,3,False
2025-03-12,M002,7,False
2025-03-12,M003,0,False
2025-03-12,A001,9,False
2025-03-12,A002,11,False
2025-03-12,A003,3,False
2025-03-12,A004,7,False
2025-03-12,A005,4,False
2025-03-12,A006,3,False
2025-03-12,B001,3,False
2025-03-12,B002,0,False
2025-03-13,M001,7,False
2025-03-13,M002,5,False
2025-03-13,M003,1,False
2025-03-13,A001,13,False
2025-03-13,A002,5,False
2025-03-13,A003,10,False
2025-03-13,A004,11,False
2025-03-13,A005,8,False
2025-03-13,A006,4,False
2025-03-13,B001,2,False
2025-03-13,B002,4,False
2025-03-14,M001,3,False
2025-03-14,M002,0,False
2025-03-14,M003,5,False
2025-03-14,A001,14,False
2025-03-14,A002,12,False
2025-03-14,A003,9,False
2025-03-14,A004,12,False
2025-03-14,A005,7,False
2025-03-14,A006,11,False
2025-03-14,B001,1,False
2025-03-14,B002,3,False
2025-03-15,M001,0,False
2025-03-15,M002,3,False
2025-03-15,M003,2,False
2025-03-15,A001,13,False
2025-03-15,A002,15,False
2025-03-15,A003,10,False
2025-03-15,A004,7,False
2025-03-15,A005,9,False
2025-03-15,A006,8,False
2025-03-15,B001,11,False
2025-03-15,B002,0,False
2025-03-16,M001,2,False
2025-03-16,M002,6,False
2025-03-16,M003,0,False
2025-03-16,A001,18,False
2025-03-16,A002,7,False
2025-03-16,A003,14,False
2025-03-16,A004,3,False
2025-03-16,A005,8,False
2025-03-16,A006,6,False
2025-03-16,B001,8,False
2025-03-16,B002,5,False
2025-03-17,M001,1,False
2025-03-17,M002,4,False
2025-03-17,M003,0,False
2025-03-17,A001,11,False
2025-03-17,A002,9,False
2025-03-17,A003,6,False
2025-03-17,A004,7,False
2025-03-17,A005,2,False
2025-03-17,A006,6,False
2025-03-17,B001,5,False
2025-03-17,B002,4,False
2025-03-18,M001,6,False
2025-03-18,M002,3,False
2025-03-18,M003,1,False
2025-03-18,A001,13,False
2025-03-18,A002,8,False
2025-03-18,A003,10,False
2025-03-18,A004,6,False
2025-03-18,A005,4,False
2025-03-18,A006,8,False
2025-03-18,B001,3,False
2025-03-18,B002,2,False
2025-03-19,M001,0,False
2025-03-19,M002,7,False
2025-03-19,M003,2,False
2025-03-19,A001,10,False
2025-03-19,A002,5,False
2025-03-19,A003,9,False
2025-03-19,A004,5,False
2025-03-19,A005,3,False
2025-03-19,A006,4,False
2025-03-19,B001,3,False
2025-03-19,B002,1,False
2025-03-20,M001,5,False
2025-03-20,M002,7,False
2025-03-20,M003,6,False
2025-03-20,A001,15,False
2025-03-20,A002,10,False
2025-03-20,A003,7,False
2025-03-20,A004,3,False
2025-03-20,A005,4,False
2025-03-20,A006,6,False
2025-03-20,B001,7,False
2025-03-20,B002,0,False
2025-03-21,M001,0,False
2025-03-21,M002,4,False
2025-03-21,M003,0,False
2025-03-21,A001,7,False
2025-03-21,A002,10,False
2025-03-21,A003,4,False
2025-03-21,A004,4,False
2025-03-21,A005,15,False
2025-03-21,A006,7,False
2025-03-21,B001,2,False
2025-03-21,B002,2,False
2025-03-22,M001,4,False
2025-03-22,M002,4,False
2025-03-22,M003,0,False
2025-03-22,A001,14,False
2025-03-22,A002,13,False
2025-03-22,A003,16,False
2025-03-22,A004,11,False
2025-03-22,A005,8,False
2025-03-22,A006,8,False
2025-03-22,B001,6,False
2025-03-22,B002,7,False
2025-03-23,M001,5,False
2025-03-23,M002,7,False
2025-03-23,M003,8,False
2025-03-23,A001,11,False
2025-03-23,A002,10,False
2025-03-23,A003,11,False
2025-03-23,A004,6,False
2025-03-23,A005,8,False
2025-03-23,A006,4,False
2025-03-23,B001,7,False
2025-03-23,B002,2,False
2025-03-24,M001,4,False
2025-03-24,M002,0,False
2025-03-24,M003,0,False
2025-03-24,A001,8,False
2025-03-24,A002,12,False
2025-03-24,A003,9,False
2025-03-24,A004,5,False
2025-03-24,A005,4,False
2025-03-24,A006,2,False
2025-03-24,B001,1,False
2025-03-24,B002,2,False
2025-03-25,M001,4,False
2025-03-25,M002,4,False
2025-03-25,M003,3,False
2025-03-25,A001,12,False
2025-03-25,A002,7,False
2025-03-25,A003,7,False
2025-03-25,A004,7,False
2025-03-25,A005,7,False
2025-03-25,A006,4,False
2025-03-25,B001,3,False
2025-03-25,B002,1,False
2025-03-26,M001,3,False
2025-03-26,M002,0,False
2025-03-26,M003,4,False
2025-03-26,A001,6,False
2025-03-26,A002,3,False
2025-03-26,A003,4,False
2025-03-26,A004,7,False
2025-03-26,A005,3,False
2025-03-26,A006,7,False
2025-03-26,B001,2,False
2025-03-26,B002,2,False
2025-03-27,M001,4,False
2025-03-27,M002,6,False
2025-03-27,M003,0,False
2025-03-27,A001,13,False
2025-03-27,A002,9,False
2025-03-27,A003,10,False
2025-03-27,A004,8,False
2025-03-27,A005,14,False
2025-03-27,A006,3,False
2025-03-27,B001,7,False
2025-03-27,B002,0,False
2025-03-28,M001,3,False
2025-03-28,M002,4,False
2025-03-28,M003,5,False
2025-03-28,A001,12,False
2025-03-28,A002,5,False
2025-03-28,A003,16,False
2025-03-28,A004,5,False
2025-03-28,A005,10,False
2025-03-28,A006,4,False
2025-03-28,B001,0,False
2025-03-28,B002,1,False
2025-03-29,M001,0,False
2025-03-29,M002,8,False
2025-03-29,M003,6,False
2025-03-29,A001,16,False
2025-03-29,A002,11,False
2025-03-29,A003,14,False
2025-03-29,A004,6,False
2025-03-29,A005,15,False
2025-03-29,A006,11,False
2025-03-29,B001,4,False
2025-03-29,B002,3,False
2025-03-30,M001,6,False
2025-03-30,M002,6,False
2025-03-30,M003,3,False
2025-03-30,A001,7,False
2025-03-30,A002,9,False
2025-03-30,A003,9,False
2025-03-30,A004,6,False
2025-03-30,A005,10,False
2025-03-30,A006,4,False
2025-03-30,B001,6,False
2025-03-30,B002,0,False
2025-03-31,M001,2,False
2025-03-31,M002,3,False
2025-03-31,M003,3,False
2025-03-31,A001,8,False
2025-03-31,A002,9,False
2025-03-31,A003,5,False
2025-03-31,A004,4,False
2025-03-31,A005,7,False
2025-03-31,A006,4,False
2025-03-31,B001,2,False
2025-03-31,B002,1,False
2025-04-01,M001,1,False
2025-04-01,M002,4,False
2025-04-01,M003,3,False
2025-04-01,A001,10,False
2025-04-01,A002,11,False
2025-04-01,A003,7,False
2025-04-01,A004,4,False
2025-04-01,A005,5,False
2025-04-01,A006,6,False
2025-04-01,B001,6,False
2025-04-01,B002,3,False
2025-04-02,M001,2,False
2025-04-02,M002,7,False
2025-04-02,M003,2,False
2025-04-02,A001,7,False
2025-04-02,A002,3,False
2025-04-02,A003,2,False
2025-04-02,A004,3,False
2025-04-02,A005,4,False
2025-04-02,A006,8,False
2025-04-02,B001,4,False
2025-04-02,B002,1,False
2025-04-03,M001,4,False
2025-04-03,M002,1,False
2025-04-03,M003,1,False
2025-04-03,A001,15,False
2025-04-03,A002,10,False
2025-04-03,A003,9,False
2025-04-03,A004,4,False
2025-04-03,A005,7,False
2025-04-03,A006,4,False
2025-04-03,B001,2,False
2025-04-03,B002,2,False
2025-04-04,M001,5,False
2025-04-04,M002,6,False
2025-04-04,M003,5,False
2025-04-04,A001,16,False
2025-04-04,A002,7,False
2025-04-04,A003,13,False
2025-04-04,A004,7,False
2025-04-04,A005,3,False
2025-04-04,A006,4,False
2025-04-04,B001,8,False
2025-04-04,B002,7,False
2025-04-05,M001,1,False
2025-04-05,M002,5,False
2025-04-05,M003,2,False
2025-04-05,A001,16,False
2025-04-05,A002,15,False
2025-04-05,A003,11,False
2025-04-05,A004,13,False
2025-04-05,A005,12,False
2025-04-05,A006,5,False
2025-04-05,B001,10,False
2025-04-05,B002,0,False
2025-04-06,M001,5,False
2025-04-06,M002,7,False
2025-04-06,M003,4,False
2025-04-06,A001,23,False
2025-04-06,A002,5,False
2025-04-06,A003,11,False
2025-04-06,A004,9,False
2025-04-06,A005,7,False
2025-04-06,A006,5,False
2025-04-06,B001,5,False
2025-04-06,B002,2,False
2025-04-07,M001,1,False
2025-04-07,M002,7,False
2025-04-07,M003,2,False
2025-04-07,A001,13,False
2025-04-07,A002,8,False
2025-04-07,A003,9,False
2025-04-07,A004,3,False
2025-04-07,A005,8,False
2025-04-07,A006,5,False
2025-04-07,B001,2,False
2025-04-07,B002,3,False
2025-04-08,M001,1,False
2025-04-08,M002,2,False
2025-04-08,M003,3,False
2025-04-08,A001,6,False
2025-04-08,A002,7,False
2025-04-08,A003,6,False
2025-04-08,A004,3,False
2025-04-08,A005,3,False
2025-04-08,A006,4,False
2025-04-08,B001,4,False
2025-04-08,B002,0,False
2025-04-09,M001,0,False
2025-04-09,M002,6,False
2025-04-09,M003,4,False
2025-04-09,A001,12,False
2025-04-09,A002,5,False
2025-04-09,A003,5,False
2025-04-09,A004,5,False
2025-04-09,A005,8,False
2025-04-09,A006,8,False
2025-04-09,B001,4,False
2025-04-09,B002,2,False
2025-04-10,M001,3,False
2025-04-10,M002,0,False
2025-04-10,M003,3,False
2025-04-10,A001,10,False
2025-04-10,A002,6,False
2025-04-10,A003,10,False
2025-04-10,A004,8,False
2025-04-10,A005,6,False
2025-04-10,A006,9,False
2025-04-10,B001,7,False
2025-04-10,B002,4,False
2025-04-11,M001,6,False
2025-04-11,M002,4,False
2025-04-11,M003,1,False
2025-04-11,A001,14,False
2025-04-11,A002,18,False
2025-04-11,A003,9,False
2025-04-11,A004,5,False
2025-04-11,A005,10,False
2025-04-11,A006,5,False
2025-04-11,B001,5,False
2025-04-11,B002,0,False
2025-04-12,M001,3,False
2025-04-12,M002,0,False
2025-04-12,M003,2,False
2025-04-12,A001,13,False
2025-04-12,A002,11,False
2025-04-12,A003,9,False
2025-04-12,A004,6,False
2025-04-12,A005,8,False
2025-04-12,A006,8,False
2025-04-12,B001,4,False
2025-04-12,B002,4,False
2025-04-13,M001,4,False
2025-04-13,M002,7,False
2025-04-13,M003,2,False
2025-04-13,A001,17,False
2025-04-13,A002,8,False
2025-04-13,A003,10,False
2025-04-13,A004,8,False
2025-04-13,A005,8,False
2025-04-13,A006,12,False
2025-04-13,B001,4,False
2025-04-13,B002,2,False
2025-04-14,M001,3,False
2025-04-14,M002,0,False
2025-04-14,M003,1,False
2025-04-14,A001,9,False
2025-04-14,A002,8,False
2025-04-14,A003,11,False
2025-04-14,A004,2,False
2025-04-14,A005,4,False
2025-04-14,A006,4,False
2025-04-14,B001,6,False
2025-04-14,B002,0,False
2025-04-15,M001,2,False
2025-04-15,M002,4,False
2025-04-15,M003,2,False
2025-04-15,A001,5,False
2025-04-15,A002,10,False
2025-04-15,A003,9,False
2025-04-15,A004,3,False
2025-04-15,A005,6,False
2025-04-15,A006,3,False
2025-04-15,B001,5,False
2025-04-15,B002,2,False
2025-04-16,M001,6,False
2025-04-16,M002,4,False
2025-04-16,M003,0,False
2025-04-16,A001,12,False
2025-04-16,A002,9,False
2025-04-16,A003,8,False
2025-04-16,A004,5,False
2025-04-16,A005,9,False
2025-04-16,A006,3,False
2025-04-16,B001,6,False
2025-04-16,B002,3,False
2025-04-17,M001,2,False
2025-04-17,M002,5,False
2025-04-17,M003,3,False
2025-04-17,A001,24,False
2025-04-17,A002,9,False
2025-04-17,A003,7,False
2025-04-17,A004,5,False
2025-04-17,A005,14,False
2025-04-17,A006,5,False
2025-04-17,B001,3,False
2025-04-17,B002,1,False
2025-04-18,M001,0,False
2025-04-18,M002,0,False
2025-04-18,M003,0,False
2025-04-18,A001,14,False
2025-04-18,A002,6,False
2025-04-18,A003,9,False
2025-04-18,A004,4,False
2025-04-18,A005,7,False
2025-04-18,A006,6,False
2025-04-18,B001,8,False
2025-04-18,B002,3,False
2025-04-19,M001,6,False
2025-04-19,M002,6,False
2025-04-19,M003,5,False
2025-04-19,A001,17,False
2025-04-19,A002,9,False
2025-04-19,A003,7,False
2025-04-19,A004,6,False
2025-04-19,A005,12,False
2025-04-19,A006,5,False
2025-04-19,B001,6,False
2025-04-19,B002,9,False
2025-04-20,M001,3,False
2025-04-20,M002,3,False
2025-04-20,M003,3,False
2025-04-20,A001,17,False
2025-04-20,A002,15,False
2025-04-20,A003,13,False
2025-04-20,A004,7,False
2025-04-20,A005,13,False
2025-04-20,A006,9,False
2025-04-20,B001,6,False
2025-04-20,B002,7,False
2025-04-21,M001,1,False
2025-04-21,M002,4,False
2025-04-21,M003,3,False
2025-04-21,A001,12,False
2025-04-21,A002,8,False
2025-04-21,A003,11,False
2025-04-21,A004,7,False
2025-04-21,A005,10,False
2025-04-21,A006,4,False
2025-04-21,B001,5,False
2025-04-21,B002,0,False
2025-04-22,M001,4,False
2025-04-22,M002,4,False
2025-04-22,M003,1,False
2025-04-22,A001,11,False
2025-04-22,A002,9,False
2025-04-22,A003,7,False
2025-04-22,A004,5,False
2025-04-22,A005,7,False
2025-04-22,A006,2,False
2025-04-22,B001,1,False
2025-04-22,B002,4,False
2025-04-23,M001,1,False
2025-04-23,M002,6,False
2025-04-23,M003,1,False
2025-04-23,A001,9,False
2025-04-23,A002,4,False
2025-04-23,A003,4,False
2025-04-23,A004,6,False
2025-04-23,A005,4,False
2025-04-23,A006,3,False
2025-04-23,B001,3,False
2025-04-23,B002,2,False
2025-04-24,M001,0,False
2025-04-24,M002,7,False
2025-04-24,M003,2,False
2025-04-24,A001,9,False
2025-04-24,A002,8,False
2025-04-24,A003,9,False
2025-04-24,A004,9,False
2025-04-24,A005,5,False
2025-04-24,A006,4,False
2025-04-24,B001,8,False
2025-04-24,B002,3,False
2025-04-25,M001,1,False
2025-04-25,M002,2,False
2025-04-25,M003,1,False
2025-04-25,A001,8,False
2025-04-25,A002,11,False
2025-04-25,A003,12,False
2025-04-25,A004,11,False
2025-04-25,A005,11,False
2025-04-25,A006,6,False
2025-04-25,B001,10,False
2025-04-25,B002,0,False
2025-04-26,M001,5,False
2025-04-26,M002,7,False
2025-04-26,M003,3,False
2025-04-26,A001,15,False
2025-04-26,A002,15,False
2025-04-26,A003,15,False
2025-04-26,A004,6,False
2025-04-26,A005,11,False
2025-04-26,A006,11,False
2025-04-26,B001,8,False
2025-04-26,B002,4,False
2025-04-27,M001,5,False
2025-04-27,M002,2,False
2025-04-27,M003,3,False
2025-04-27,A001,16,False
2025-04-27,A002,10,False
2025-04-27,A003,15,False
2025-04-27,A004,5,False
2025-04-27,A005,7,False
2025-04-27,A006,6,False
2025-04-27,B001,11,False
2025-04-27,B002,3,False
2025-04-28,M001,3,False
2025-04-28,M002,1,False
2025-04-28,M003,2,False
2025-04-28,A001,16,False
2025-04-28,A002,9,False
2025-04-28,A003,8,False
2025-04-28,A004,4,False
2025-04-28,A005,4,False
2025-04-28,A006,7,False
2025-04-28,B001,7,False
2025-04-28,B002,4,False
2025-04-29,M001,4,False
2025-04-29,M002,4,False
2025-04-29,M003,1,False
2025-04-29,A001,9,False
2025-04-29,A002,5,False
2025-04-29,A003,7,False
2025-04-29,A004,2,False
2025-04-29,A005,7,False
2025-04-29,A006,7,False
2025-04-29,B001,3,False
2025-04-29,B002,3,False
2025-04-30,M001,4,False
2025-04-30,M002,3,False
2025-04-30,M003,1,False
2025-04-30,A001,10,False
2025-04-30,A002,6,False
2025-04-30,A003,3,False
2025-04-30,A004,3,False
2025-04-30,A005,13,False
2025-04-30,A006,4,False
2025-04-30,B001,3,False
2025-04-30,B002,2,False
2025-05-01,M001,4,False
2025-05-01,M002,1,False
2025-05-01,M003,2,False
2025-05-01,A001,14,False
2025-05-01,A002,13,False
2025-05-01,A003,14,False
2025-05-01,A004,4,False
2025-05-01,A005,11,False
2025-05-01,A006,10,False
2025-05-01,B001,4,False
2025-05-01,B002,3,False
2025-05-02,M001,6,False
2025-05-02,M002,4,False
2025-05-02,M003,3,False
2025-05-02,A001,13,False
2025-05-02,A002,7,False
2025-05-02,A003,10,False
2025-05-02,A004,8,False
2025-05-02,A005,5,False
2025-05-02,A006,9,False
2025-05-02,B001,8,False
2025-05-02,B002,2,False
2025-05-03,M001,4,False
2025-05-03,M002,6,False
2025-05-03,M003,5,False
2025-05-03,A001,8,False
2025-05-03,A002,11,False
2025-05-03,A003,14,False
2025-05-03,A004,9,False
2025-05-03,A005,7,False
2025-05-03,A006,7,False
2025-05-03,B001,6,False
2025-05-03,B002,0,False
2025-05-04,M001,4,False
2025-05-04,M002,5,False
2025-05-04,M003,4,False
2025-05-04,A001,12,False
2025-05-04,A002,12,False
2025-05-04,A003,11,False
2025-05-04,A004,9,False
2025-05-04,A005,9,False
2025-05-04,A006,4,False
2025-05-04,B001,5,False
2025-05-04,B002,1,False
2025-05-05,M001,4,False
2025-05-05,M002,5,False
2025-05-05,M003,6,False
2025-05-05,A001,14,False
2025-05-05,A002,5,False
2025-05-05,A003,8,False
2025-05-05,A004,5,False
2025-05-05,A005,7,False
2025-05-05,A006,4,False
2025-05-05,B001,5,False
2025-05-05,B002,1,False
2025-05-06,M001,2,False
2025-05-06,M002,1,False
2025-05-06,M003,5,False
2025-05-06,A001,11,False
2025-05-06,A002,13,False
2025-05-06,A003,12,False
2025-05-06,A004,6,False
2025-05-06,A005,7,False
2025-05-06,A006,6,False
2025-05-06,B001,6,False
2025-05-06,B002,1,False
2025-05-07,M001,1,False
2025-05-07,M002,0,False
2025-05-07,M003,0,False
2025-05-07,A001,10,False
2025-05-07,A002,6,False
2025-05-07,A003,12,False
2025-05-07,A004,5,False
2025-05-07,A005,6,False
2025-05-07,A006,3,False
2025-05-07,B001,6,False
2025-05-07,B002,3,False
2025-05-08,M001,4,False
2025-05-08,M002,9,False
2025-05-08,M003,3,False
2025-05-08,A001,13,False
2025-05-08,A002,7,False
2025-05-08,A003,11,False
2025-05-08,A004,7,False
2025-05-08,A005,9,False
2025-05-08,A006,3,False
2025-05-08,B001,5,False
2025-05-08,B002,4,False
2025-05-09,M001,5,False
2025-05-09,M002,7,False
2025-05-09,M003,3,False
2025-05-09,A001,5,False
2025-05-09,A002,8,False
2025-05-09,A003,11,False
2025-05-09,A004,9,False
2025-05-09,A005,7,False
2025-05-09,A006,6,False
2025-05-09,B001,5,False
2025-05-09,B002,3,False
2025-05-10,M001,8,False
2025-05-10,M002,7,False
2025-05-10,M003,1,False
2025-05-10,A001,13,False
2025-05-10,A002,9,False
2025-05-10,A003,12,False
2025-05-10,A004,8,False
2025-05-10,A005,8,False
2025-05-10,A006,6,False
2025-05-10,B001,10,False
2025-05-10,B002,0,False
2025-05-11,M001,6,False
2025-05-11,M002,3,False
2025-05-11,M003,6,False
2025-05-11,A001,19,False
2025-05-11,A002,10,False
2025-05-11,A003,12,False
2025-05-11,A004,2,False
2025-05-11,A005,8,False
2025-05-11,A006,3,False
2025-05-11,B001,5,False
2025-05-11,B002,3,False
2025-05-12,M001,0,False
2025-05-12,M002,3,False
2025-05-12,M003,4,False
2025-05-12,A001,14,False
2025-05-12,A002,8,False
2025-05-12,A003,7,False
2025-05-12,A004,4,False
2025-05-12,A005,8,False
2025-05-12,A006,9,False
2025-05-12,B001,3,False
2025-05-12,B002,0,False
2025-05-13,M001,5,False
2025-05-13,M002,6,False
2025-05-13,M003,3,False
2025-05-13,A001,11,False
2025-05-13,A002,10,False
2025-05-13,A003,8,False
2025-05-13,A004,7,False
2025-05-13,A005,9,False
2025-05-13,A006,2,False
2025-05-13,B001,2,False
2025-05-13,B002,0,False
2025-05-14,M001,3,False
2025-05-14,M002,2,False
2025-05-14,M003,3,False
2025-05-14,A001,4,False
2025-05-14,A002,4,False
2025-05-14,A003,10,False
2025-05-14,A004,5,False
2025-05-14,A005,8,False
2025-05-14,A006,5,False
2025-05-14,B001,5,False
2025-05-14,B002,4,False
2025-05-15,M001,3,False
2025-05-15,M002,3,False
2025-05-15,M003,2,False
2025-05-15,A001,19,False
2025-05-15,A002,9,False
2025-05-15,A003,10,False
2025-05-15,A004,5,False
2025-05-15,A005,8,False
2025-05-15,A006,5,False
2025-05-15,B001,10,False
2025-05-15,B002,2,False
2025-05-16,M001,0,False
2025-05-16,M002,6,False
2025-05-16,M003,2,False
2025-05-16,A001,16,False
2025-05-16,A002,8,False
2025-05-16,A003,12,False
2025-05-16,A004,7,False
2025-05-16,A005,10,False
2025-05-16,A006,6,False
2025-05-16,B001,5,False
2025-05-16,B002,2,False
2025-05-17,M001,0,False
2025-05-17,M002,5,False
2025-05-17,M003,5,False
2025-05-17,A001,6,False
2025-05-17,A002,10,False
2025-05-17,A003,15,False
2025-05-17,A004,9,False
2025-05-17,A005,8,False
2025-05-17,A006,8,False
2025-05-17,B001,8,False
2025-05-17,B002,2,False
2025-05-18,M001,9,False
2025-05-18,M002,4,False
2025-05-18,M003,2,False
2025-05-18,A001,13,False
2025-05-18,A002,13,False
2025-05-18,A003,7,False
2025-05-18,A004,6,False
2025-05-18,A005,8,False
2025-05-18,A006,8,False
2025-05-18,B001,9,False
2025-05-18,B002,1,False
2025-05-19,M001,3,False
2025-05-19,M002,3,False
2025-05-19,M003,2,False
2025-05-19,A001,13,False
2025-05-19,A002,5,False
2025-05-19,A003,8,False
2025-05-19,A004,4,False
2025-05-19,A005,7,False
2025-05-19,A006,6,False
2025-05-19,B001,3,False
2025-05-19,B002,2,False
2025-05-20,M001,4,False
2025-05-20,M002,6,False
2025-05-20,M003,0,False
2025-05-20,A001,10,False
2025-05-20,A002,9,False
2025-05-20,A003,11,False
2025-05-20,A004,5,False
2025-05-20,A005,8,False
2025-05-20,A006,3,False
2025-05-20,B001,2,False
2025-05-20,B002,2,False
2025-05-21,M001,4,False
2025-05-21,M002,3,False
2025-05-21,M003,0,False
2025-05-21,A001,11,False
2025-05-21,A002,6,False
2025-05-21,A003,10,False
2025-05-21,A004,2,False
2025-05-21,A005,3,False
2025-05-21,A006,2,False
2025-05-21,B001,5,False
2025-05-21,B002,1,False
2025-05-22,M001,3,False
2025-05-22,M002,3,False
2025-05-22,M003,3,False
2025-05-22,A001,13,False
2025-05-22,A002,9,False
2025-05-22,A003,4,False
2025-05-22,A004,10,False
2025-05-22,A005,7,False
2025-05-22,A006,5,False
2025-05-22,B001,6,False
2025-05-22,B002,2,False
2025-05-23,M001,5,False
2025-05-23,M002,5,False
2025-05-23,M003,2,False
2025-05-23,A001,9,False
2025-05-23,A002,10,False
2025-05-23,A003,12,False
2025-05-23,A004,5,False
2025-05-23,A005,14,False
2025-05-23,A006,3,False
2025-05-23,B001,4,False
2025-05-23,B002,6,False
2025-05-24,M001,1,False
2025-05-24,M002,3,False
2025-05-24,M003,3,False
2025-05-24,A001,6,False
2025-05-24,A002,8,False
2025-05-24,A003,10,False
2025-05-24,A004,9,False
2025-05-24,A005,10,False
2025-05-24,A006,8,False
2025-05-24,B001,9,False
2025-05-24,B002,5,False
2025-05-25,M001,4,False
2025-05-25,M002,5,False
2025-05-25,M003,4,False
2025-05-25,A001,18,False
2025-05-25,A002,16,False
2025-05-25,A003,11,False
2025-05-25,A004,10,False
2025-05-25,A005,8,False
2025-05-25,A006,9,False
2025-05-25,B001,6,False
2025-05-25,B002,2,False
2025-05-26,M001,6,False
2025-05-26,M002,1,False
2025-05-26,M003,4,False
2025-05-26,A001,15,False
2025-05-26,A002,3,False
2025-05-26,A003,2,False
2025-05-26,A004,2,False
2025-05-26,A005,4,False
2025-05-26,A006,5,False
2025-05-26,B001,3,False
2025-05-26,B002,4,False
2025-05-27,M001,3,False
2025-05-27,M002,3,False
2025-05-27,M003,1,False
2025-05-27,A001,14,False
2025-05-27,A002,5,False
2025-05-27,A003,8,False
2025-05-27,A004,4,False
2025-05-27,A005,5,False
2025-05-27,A006,6,False
2025-05-27,B001,4,False
2025-05-27,B002,2,False
2025-05-28,M001,5,False
2025-05-28,M002,4,False
2025-05-28,M003,2,False
2025-05-28,A001,6,False
2025-05-28,A002,7,False
2025-05-28,A003,5,False
2025-05-28,A004,3,False
2025-05-28,A005,6,False
2025-05-28,A006,6,False
2025-05-28,B001,4,False
2025-05-28,B002,2,False
2025-05-29,M001,2,False
2025-05-29,M002,0,False
2025-05-29,M003,2,False
2025-05-29,A001,8,False
2025-05-29,A002,9,False
2025-05-29,A003,14,False
2025-05-29,A004,6,False
2025-05-29,A005,4,False
2025-05-29,A006,8,False
2025-05-29,B001,3,False
2025-05-29,B002,4,False
2025-05-30,M001,8,False
2025-05-30,M002,5,False
2025-05-30,M003,4,False
2025-05-30,A001,14,False
2025-05-30,A002,8,False
2025-05-30,A003,6,False
2025-05-30,A004,10,False
2025-05-30,A005,9,False
2025-05-30,A006,3,False
2025-05-30,B001,6,False
2025-05-30,B002,5,False
2025-05-31,M001,6,False
2025-05-31,M002,6,False
2025-05-31,M003,3,False
2025-05-31,A001,21,False
2025-05-31,A002,10,False
2025-05-31,A003,21,False
2025-05-31,A004,11,False
2025-05-31,A005,5,False
2025-05-31,A006,6,False
2025-05-31,B001,3,False
2025-05-31,B002,6,False
2025-06-01,M001,7,False
2025-06-01,M002,8,False
2025-06-01,M003,3,False
2025-06-01,A001,20,False
2025-06-01,A002,16,False
2025-06-01,A003,10,False
2025-06-01,A004,9,False
2025-06-01,A005,11,False
2025-06-01,A006,5,False
2025-06-01,B001,6,False
2025-06-01,B002,2,False
2025-06-02,M001,0,False
2025-06-02,M002,4,False
2025-06-02,M003,1,False
2025-06-02,A001,14,False
2025-06-02,A002,7,False
2025-06-02,A003,8,False
2025-06-02,A004,5,False
2025-06-02,A005,4,False
2025-06-02,A006,4,False
2025-06-02,B001,2,False
2025-06-02,B002,1,False
2025-06-03,M001,3,False
2025-06-03,M002,0,False
2025-06-03,M003,1,False
2025-06-03,A001,3,False
2025-06-03,A002,6,False
2025-06-03,A003,5,False
2025-06-03,A004,9,False
2025-06-03,A005,5,False
2025-06-03,A006,6,False
2025-06-03,B001,5,False
2025-06-03,B002,4,False
2025-06-04,M001,1,False
2025-06-04,M002,0,False
2025-06-04,M003,3,False
2025-06-04,A001,10,False
2025-06-04,A002,8,False
2025-06-04,A003,8,False
2025-06-04,A004,9,False
2025-06-04,A005,6,False
2025-06-04,A006,4,False
2025-06-04,B001,3,False
2025-06-04,B002,2,False
2025-06-05,M001,7,False
2025-06-05,M002,4,False
2025-06-05,M003,4,False
2025-06-05,A001,16,False
2025-06-05,A002,4,False
2025-06-05,A003,16,False
2025-06-05,A004,5,False
2025-06-05,A005,4,False
2025-06-05,A006,10,False
2025-06-05,B001,9,False
2025-06-05,B002,2,False
2025-06-06,M001,5,False
2025-06-06,M002,5,False
2025-06-06,M003,4,False
2025-06-06,A001,16,False
2025-06-06,A002,10,False
2025-06-06,A003,10,False
2025-06-06,A004,7,False
2025-06-06,A005,7,False
2025-06-06,A006,3,False
2025-06-06,B001,4,False
2025-06-06,B002,3,False
2025-06-07,M001,5,False
2025-06-07,M002,8,False
2025-06-07,M003,4,False
2025-06-07,A001,10,False
2025-06-07,A002,19,False
2025-06-07,A003,12,False
2025-06-07,A004,9,False
2025-06-07,A005,11,False
2025-06-07,A006,10,False
2025-06-07,B001,5,False
2025-06-07,B002,8,False
2025-06-08,M001,6,False
2025-06-08,M002,3,False
2025-06-08,M003,5,False
2025-06-08,A001,15,False
2025-06-08,A002,20,False
2025-06-08,A003,12,False
2025-06-08,A004,8,False
2025-06-08,A005,7,False
2025-06-08,A006,2,False
2025-06-08,B001,8,False
2025-06-08,B002,4,False
2025-06-09,M001,1,False
2025-06-09,M002,0,False
2025-06-09,M003,1,False
2025-06-09,A001,14,False
2025-06-09,A002,8,False
2025-06-09,A003,8,False
2025-06-09,A004,5,False
2025-06-09,A005,5,False
2025-06-09,A006,5,False
2025-06-09,B001,5,False
2025-06-09,B002,1,False
2025-06-10,M001,0,False
2025-06-10,M002,0,False
2025-06-10,M003,4,False
2025-06-10,A001,9,False
2025-06-10,A002,3,False
2025-06-10,A003,7,False
2025-06-10,A004,4,False
2025-06-10,A005,6,False
2025-06-10,A006,6,False
2025-06-10,B001,2,False
2025-06-10,B002,3,False
2025-06-11,M001,6,False
2025-06-11,M002,0,False
2025-06-11,M003,3,False
2025-06-11,A001,12,False
2025-06-11,A002,5,False
2025-06-11,A003,9,False
2025-06-11,A004,5,False
2025-06-11,A005,8,False
2025-06-11,A006,9,False
2025-06-11,B001,4,False
2025-06-11,B002,4,False
2025-06-12,M001,1,False
2025-06-12,M002,0,False
2025-06-12,M003,2,False
2025-06-12,A001,12,False
2025-06-12,A002,11,False
2025-06-12,A003,19,False
2025-06-12,A004,4,False
2025-06-12,A005,10,False
2025-06-12,A006,10,False
2025-06-12,B001,2,False
2025-06-12,B002,2,False
2025-06-13,M001,5,False
2025-06-13,M002,6,False
2025-06-13,M003,4,False
2025-06-13,A001,10,False
2025-06-13,A002,8,False
2025-06-13,A003,7,False
2025-06-13,A004,10,False
2025-06-13,A005,7,False
2025-06-13,A006,7,False
2025-06-13,B001,11,False
2025-06-13,B002,3,False
2025-06-14,M001,5,False
2025-06-14,M002,9,False
2025-06-14,M003,2,False
2025-06-14,A001,12,False
2025-06-14,A002,9,False
2025-06-14,A003,9,False
2025-06-14,A004,10,False
2025-06-14,A005,10,False
2025-06-14,A006,12,False
2025-06-14,B001,4,False
2025-06-14,B002,3,False
2025-06-15,M001,0,False
2025-06-15,M002,9,False
2025-06-15,M003,3,False
2025-06-15,A001,13,False
2025-06-15,A002,9,False
2025-06-15,A003,12,False
2025-06-15,A004,6,False
2025-06-15,A005,12,False
2025-06-15,A006,6,False
2025-06-15,B001,3,False
2025-06-15,B002,0,False
2025-06-16,M001,2,False
2025-06-16,M002,1,False
2025-06-16,M003,6,False
2025-06-16,A001,8,False
2025-06-16,A002,11,False
2025-06-16,A003,9,False
2025-06-16,A004,6,False
2025-06-16,A005,5,False
2025-06-16,A006,3,False
2025-06-16,B001,3,False
2025-06-16,B002,3,False
2025-06-17,M001,0,False
2025-06-17,M002,5,False
2025-06-17,M003,1,False
2025-06-17,A001,12,False
2025-06-17,A002,7,False
2025-06-17,A003,8,False
2025-06-17,A004,4,False
2025-06-17,A005,8,False
2025-06-17,A006,7,False
2025-06-17,B001,3,False
2025-06-17,B002,3,False
2025-06-18,M001,2,False
2025-06-18,M002,3,False
2025-06-18,M003,1,False
2025-06-18,A001,15,False
2025-06-18,A002,5,False
2025-06-18,A003,5,False
2025-06-18,A004,6,False
2025-06-18,A005,7,False
2025-06-18,A006,2,False
2025-06-18,B001,3,False
2025-06-18,B002,5,False
2025-06-19,M001,3,False
2025-06-19,M002,4,False
2025-06-19,M003,9,False
2025-06-19,A001,11,False
2025-06-19,A002,10,False
2025-06-19,A003,12,False
2025-06-19,A004,6,False
2025-06-19,A005,9,False
2025-06-19,A006,11,False
2025-06-19,B001,8,False
2025-06-19,B002,5,False
2025-06-20,M001,2,False
2025-06-20,M002,0,False
2025-06-20,M003,5,False
2025-06-20,A001,13,False
2025-06-20,A002,10,False
2025-06-20,A003,16,False
2025-06-20,A004,8,False
2025-06-20,A005,3,False
2025-06-20,A006,5,False
2025-06-20,B001,7,False
2025-06-20,B002,4,False
2025-06-21,M001,0,False
2025-06-21,M002,6,False
2025-06-21,M003,5,False
2025-06-21,A001,21,False
2025-06-21,A002,12,False
2025-06-21,A003,12,False
2025-06-21,A004,12,False
2025-06-21,A005,9,False
2025-06-21,A006,9,False
2025-06-21,B001,8,False
2025-06-21,B002,6,False
2025-06-22,M001,12,False
2025-06-22,M002,7,False
2025-06-22,M003,5,False
2025-06-22,A001,15,False
2025-06-22,A002,12,False
2025-06-22,A003,8,False
2025-06-22,A004,13,False
2025-06-22,A005,8,False
2025-06-22,A006,5,False
2025-06-22,B001,7,False
2025-06-22,B002,2,False
2025-06-23,M001,5,False
2025-06-23,M002,5,False
2025-06-23,M003,5,False
2025-06-23,A001,15,False
2025-06-23,A002,12,False
2025-06-23,A003,5,False
2025-06-23,A004,7,False
2025-06-23,A005,6,False
2025-06-23,A006,6,False
2025-06-23,B001,3,False
2025-06-23,B002,4,False
2025-06-24,M001,0,False
2025-06-24,M002,5,False
2025-06-24,M003,3,False
2025-06-24,A001,12,False
2025-06-24,A002,10,False
2025-06-24,A003,8,False
2025-06-24,A004,7,False
2025-06-24,A005,9,False
2025-06-24,A006,7,False
2025-06-24,B001,7,False
2025-06-24,B002,5,False
2025-06-25,M001,2,False
2025-06-25,M002,6,False
2025-06-25,M003,1,False
2025-06-25,A001,10,False
2025-06-25,A002,6,False
2025-06-25,A003,7,False
2025-06-25,A004,3,False
2025-06-25,A005,6,False
2025-06-25,A006,4,False
2025-06-25,B001,7,False
2025-06-25,B002,5,False
2025-06-26,M001,4,False
2025-06-26,M002,0,False
2025-06-26,M003,1,False
2025-06-26,A001,13,False
2025-06-26,A002,8,False
2025-06-26,A003,12,False
2025-06-26,A004,7,False
2025-06-26,A005,16,False
2025-06-26,A006,5,False
2025-06-26,B001,3,False
2025-06-26,B002,4,False
2025-06-27,M001,0,False
2025-06-27,M002,5,False
2025-06-27,M003,4,False
2025-06-27,A001,12,False
2025-06-27,A002,12,False
2025-06-27,A003,16,False
2025-06-27,A004,9,False
2025-06-27,A005,6,False
2025-06-27,A006,9,False
2025-06-27,B001,6,False
2025-06-27,B002,0,False
2025-06-28,M001,2,False
2025-06-28,M002,3,False
2025-06-28,M003,1,False
2025-06-28,A001,21,False
2025-06-28,A002,10,False
2025-06-28,A003,8,False
2025-06-28,A004,6,False
2025-06-28,A005,7,False
2025-06-28,A006,11,False
2025-06-28,B001,6,False
2025-06-28,B002,3,False
2025-06-29,M001,4,False
2025-06-29,M002,2,False
2025-06-29,M003,3,False
2025-06-29,A001,20,False
2025-06-29,A002,8,False
2025-06-29,A003,9,False
2025-06-29,A004,8,False
2025-06-29,A005,13,False
2025-06-29,A006,9,False
2025-06-29,B001,4,False
2025-06-29,B002,3,False
2025-06-30,M001,5,False
2025-06-30,M002,7,False
2025-06-30,M003,0,False
2025-06-30,A001,10,False
2025-06-30,A002,7,False
2025-06-30,A003,9,False
2025-06-30,A004,6,False
2025-06-30,A005,2,False
2025-06-30,A006,5,False
2025-06-30,B001,4,False
2025-06-30,B002,2,False
2025-07-01,M001,5,False
2025-07-01,M002,5,False
2025-07-01,M003,5,False
2025-07-01,A001,10,False
2025-07-01,A002,5,False
2025-07-01,A003,7,False
2025-07-01,A004,7,False
2025-07-01,A005,9,False
2025-07-01,A006,8,False
2025-07-01,B001,4,False
2025-07-01,B002,6,False
2025-07-02,M001,3,False
2025-07-02,M002,3,False
2025-07-02,M003,2,False
2025-07-02,A001,9,False
2025-07-02,A002,6,False
2025-07-02,A003,6,False
2025-07-02,A004,7,False
2025-07-02,A005,9,False
2025-07-02,A006,3,False
2025-07-02,B001,5,False
2025-07-02,B002,0,False
2025-07-03,M001,5,False
2025-07-03,M002,2,False
2025-07-03,M003,3,False
2025-07-03,A001,9,False
2025-07-03,A002,8,False
2025-07-03,A003,4,False
2025-07-03,A004,7,False
2025-07-03,A005,10,False
2025-07-03,A006,5,False
2025-07-03,B001,4,False
2025-07-03,B002,7,False
2025-07-04,M001,1,False
2025-07-04,M002,5,False
2025-07-04,M003,3,False
2025-07-04,A001,10,False
2025-07-04,A002,14,False
2025-07-04,A003,17,False
2025-07-04,A004,1,False
2025-07-04,A005,5,False
2025-07-04,A006,5,False
2025-07-04,B001,9,False
2025-07-04,B002,4,False
2025-07-05,M001,9,False
2025-07-05,M002,3,False
2025-07-05,M003,10,False
2025-07-05,A001,16,False
2025-07-05,A002,13,False
2025-07-05,A003,12,False
2025-07-05,A004,9,False
2025-07-05,A005,13,False
2025-07-05,A006,9,False
2025-07-05,B001,4,False
2025-07-05,B002,3,False
2025-07-06,M001,7,False
2025-07-06,M002,0,False
2025-07-06,M003,4,False
2025-07-06,A001,24,False
2025-07-06,A002,12,False
2025-07-06,A003,17,False
2025-07-06,A004,8,False
2025-07-06,A005,9,False
2025-07-06,A006,7,False
2025-07-06,B001,8,False
2025-07-06,B002,4,False
2025-07-07,M001,1,False
2025-07-07,M002,5,False
2025-07-07,M003,1,False
2025-07-07,A001,7,False
2025-07-07,A002,5,False
2025-07-07,A003,10,False
2025-07-07,A004,7,False
2025-07-07,A005,8,False
2025-07-07,A006,4,False
2025-07-07,B001,2,False
2025-07-07,B002,0,False
2025-07-08,M001,2,False
2025-07-08,M002,4,False
2025-07-08,M003,2,False
2025-07-08,A001,11,False
2025-07-08,A002,7,False
2025-07-08,A003,4,False
2025-07-08,A004,7,False
2025-07-08,A005,9,False
2025-07-08,A006,4,False
2025-07-08,B001,4,False
2025-07-08,B002,2,False
2025-07-09,M001,3,False
2025-07-09,M002,3,False
2025-07-09,M003,2,False
2025-07-09,A001,10,False
2025-07-09,A002,7,False
2025-07-09,A003,7,False
2025-07-09,A004,10,False
2025-07-09,A005,13,False
2025-07-09,A006,5,False
2025-07-09,B001,2,False
2025-07-09,B002,2,False
2025-07-10,M001,4,False
2025-07-10,M002,6,False
2025-07-10,M003,6,False
2025-07-10,A001,10,False
2025-07-10,A002,10,False
2025-07-10,A003,9,False
2025-07-10,A004,17,False
2025-07-10,A005,8,False
2025-07-10,A006,9,False
2025-07-10,B001,5,False
2025-07-10,B002,0,False
2025-07-11,M001,3,False
2025-07-11,M002,4,False
2025-07-11,M003,0,False
2025-07-11,A001,17,False
2025-07-11,A002,10,False
2025-07-11,A003,13,False
2025-07-11,A004,12,False
2025-07-11,A005,8,False
2025-07-11,A006,5,False
2025-07-11,B001,9,False
2025-07-11,B002,3,False
2025-07-12,M001,4,False
2025-07-12,M002,8,False
2025-07-12,M003,8,False
2025-07-12,A001,17,False
2025-07-12,A002,13,False
2025-07-12,A003,13,False
2025-07-12,A004,11,False
2025-07-12,A005,6,False
2025-07-12,A006,10,False
2025-07-12,B001,7,False
2025-07-12,B002,7,False
2025-07-13,M001,9,False
2025-07-13,M002,5,False
2025-07-13,M003,3,False
2025-07-13,A001,19,False
2025-07-13,A002,8,False
2025-07-13,A003,17,False
2025-07-13,A004,8,False
2025-07-13,A005,8,False
2025-07-13,A006,10,False
2025-07-13,B001,6,False
2025-07-13,B002,4,False
2025-07-14,M001,0,False
2025-07-14,M002,5,False
2025-07-14,M003,2,False
2025-07-14,A001,15,False
2025-07-14,A002,6,False
2025-07-14,A003,7,False
2025-07-14,A004,6,False
2025-07-14,A005,7,False
2025-07-14,A006,6,False
2025-07-14,B001,8,False
2025-07-14,B002,1,False
2025-07-15,M001,4,False
2025-07-15,M002,4,False
2025-07-15,M003,1,False
2025-07-15,A001,9,False
2025-07-15,A002,11,False
2025-07-15,A003,8,False
2025-07-15,A004,9,False
2025-07-15,A005,6,False
2025-07-15,A006,6,False
2025-07-15,B001,5,False
2025-07-15,B002,0,False
2025-07-16,M001,2,False
2025-07-16,M002,5,False
2025-07-16,M003,2,False
2025-07-16,A001,12,False
2025-07-16,A002,5,False
2025-07-16,A003,5,False
2025-07-16,A004,9,False
2025-07-16,A005,5,False
2025-07-16,A006,5,False
2025-07-16,B001,7,False
2025-07-16,B002,0,False
2025-07-17,M001,1,False
2025-07-17,M002,4,False
2025-07-17,M003,3,False
2025-07-17,A001,19,False
2025-07-17,A002,11,False
2025-07-17,A003,11,False
2025-07-17,A004,6,False
2025-07-17,A005,13,False
2025-07-17,A006,9,False
2025-07-17,B001,5,False
2025-07-17,B002,8,False
2025-07-18,M001,6,False
2025-07-18,M002,6,False
2025-07-18,M003,0,False
2025-07-18,A001,17,False
2025-07-18,A002,11,False
2025-07-18,A003,14,False
2025-07-18,A004,7,False
2025-07-18,A005,10,False
2025-07-18,A006,3,False
2025-07-18,B001,5,False
2025-07-18,B002,3,False
2025-07-19,M001,8,False
2025-07-19,M002,5,False
2025-07-19,M003,8,False
2025-07-19,A001,17,False
2025-07-19,A002,13,False
2025-07-19,A003,12,False
2025-07-19,A004,8,False
2025-07-19,A005,14,False
2025-07-19,A006,13,False
2025-07-19,B001,6,False
2025-07-19,B002,5,False
2025-07-20,M001,0,False
2025-07-20,M002,8,False
2025-07-20,M003,2,False
2025-07-20,A001,17,False
2025-07-20,A002,6,False
2025-07-20,A003,14,False
2025-07-20,A004,8,False
2025-07-20,A005,11,False
2025-07-20,A006,5,False
2025-07-20,B001,6,False
2025-07-20,B002,4,False
2025-07-21,M001,5,False
2025-07-21,M002,5,False
2025-07-21,M003,2,False
2025-07-21,A001,8,False
2025-07-21,A002,9,False
2025-07-21,A003,11,False
2025-07-21,A004,3,False
2025-07-21,A005,7,False
2025-07-21,A006,6,False
2025-07-21,B001,2,False
2025-07-21,B002,2,False
2025-07-22,M001,0,False
2025-07-22,M002,2,False
2025-07-22,M003,0,False
2025-07-22,A001,11,False
2025-07-22,A002,9,False
2025-07-22,A003,6,False
2025-07-22,A004,5,False
2025-07-22,A005,8,False
2025-07-22,A006,1,False
2025-07-22,B001,3,False
2025-07-22,B002,5,False
2025-07-23,M001,6,False
2025-07-23,M002,5,False
2025-07-23,M003,4,False
2025-07-23,A001,13,False
2025-07-23,A002,10,False
2025-07-23,A003,6,False
2025-07-23,A004,9,False
2025-07-23,A005,2,False
2025-07-23,A006,10,False
2025-07-23,B001,6,False
2025-07-23,B002,2,False
2025-07-24,M001,3,False
2025-07-24,M002,4,False
2025-07-24,M003,0,False
2025-07-24,A001,17,False
2025-07-24,A002,4,False
2025-07-24,A003,10,False
2025-07-24,A004,9,False
2025-07-24,A005,10,False
2025-07-24,A006,10,False
2025-07-24,B001,9,False
2025-07-24,B002,1,False
2025-07-25,M001,6,False
2025-07-25,M002,8,False
2025-07-25,M003,5,False
2025-07-25,A001,10,False
2025-07-25,A002,12,False
2025-07-25,A003,10,False
2025-07-25,A004,3,False
2025-07-25,A005,7,False
2025-07-25,A006,10,False
2025-07-25,B001,8,False
2025-07-25,B002,7,False
2025-07-26,M001,3,False
2025-07-26,M002,4,False
2025-07-26,M003,0,False
2025-07-26,A001,7,False
2025-07-26,A002,15,False
2025-07-26,A003,18,False
2025-07-26,A004,11,False
2025-07-26,A005,9,False
2025-07-26,A006,8,False
2025-07-26,B001,9,False
2025-07-26,B002,3,False
2025-07-27,M001,4,False
2025-07-27,M002,5,False
2025-07-27,M003,5,False
2025-07-27,A001,16,False
2025-07-27,A002,6,False
2025-07-27,A003,7,False
2025-07-27,A004,11,False
2025-07-27,A005,8,False
2025-07-27,A006,8,False
2025-07-27,B001,8,False
2025-07-27,B002,0,False
2025-07-28,M001,1,False
2025-07-28,M002,6,False
2025-07-28,M003,2,False
2025-07-28,A001,8,False
2025-07-28,A002,2,False
2025-07-28,A003,2,False
2025-07-28,A004,6,False
2025-07-28,A005,9,False
2025-07-28,A006,5,False
2025-07-28,B001,5,False
2025-07-28,B002,0,False
2025-07-29,M001,3,False
2025-07-29,M002,3,False
2025-07-29,M003,4,False
2025-07-29,A001,9,False
2025-07-29,A002,7,False
2025-07-29,A003,3,False
2025-07-29,A004,8,False
2025-07-29,A005,9,False
2025-07-29,A006,4,False
2025-07-29,B001,9,False
2025-07-29,B002,0,False
2025-07-30,M001,2,False
2025-07-30,M002,3,False
2025-07-30,M003,0,False
2025-07-30,A001,16,False
2025-07-30,A002,9,False
2025-07-30,A003,13,False
2025-07-30,A004,1,False
2025-07-30,A005,5,False
2025-07-30,A006,4,False
2025-07-30,B001,6,False
2025-07-30,B002,2,False
2025-07-31,M001,9,False
2025-07-31,M002,5,False
2025-07-31,M003,3,False
2025-07-31,A001,21,False
2025-07-31,A002,6,False
2025-07-31,A003,6,False
2025-07-31,A004,5,False
2025-07-31,A005,4,False
2025-07-31,A006,7,False
2025-07-31,B001,8,False
2025-07-31,B002,1,False
2025-08-01,M001,4,False
2025-08-01,M002,6,False
2025-08-01,M003,4,False
2025-08-01,A001,12,False
2025-08-01,A002,11,False
2025-08-01,A003,15,False
2025-08-01,A004,4,False
2025-08-01,A005,5,False
2025-08-01,A006,5,False
2025-08-01,B001,6,False
2025-08-01,B002,6,False
2025-08-02,M001,5,False
2025-08-02,M002,9,False
2025-08-02,M003,4,False
2025-08-02,A001,9,False
2025-08-02,A002,12,False
2025-08-02,A003,13,False
2025-08-02,A004,2,False
2025-08-02,A005,7,False
2025-08-02,A006,6,False
2025-08-02,B001,6,False
2025-08-02,B002,2,False
2025-08-03,M001,4,False
2025-08-03,M002,5,False
2025-08-03,M003,4,False
2025-08-03,A001,10,False
2025-08-03,A002,9,False
2025-08-03,A003,14,False
2025-08-03,A004,12,False
2025-08-03,A005,6,False
2025-08-03,A006,6,False
2025-08-03,B001,5,False
2025-08-03,B002,0,False
2025-08-04,M001,1,False
2025-08-04,M002,7,False
2025-08-04,M003,4,False
2025-08-04,A001,9,False
2025-08-04,A002,7,False
2025-08-04,A003,10,False
2025-08-04,A004,1,False
2025-08-04,A005,7,False
2025-08-04,A006,7,False
2025-08-04,B001,5,False
2025-08-04,B002,1,False
2025-08-05,M001,3,False
2025-08-05,M002,4,False
2025-08-05,M003,4,False
2025-08-05,A001,10,False
2025-08-05,A002,8,False
2025-08-05,A003,9,False
2025-08-05,A004,4,False
2025-08-05,A005,4,False
2025-08-05,A006,4,False
2025-08-05,B001,6,False
2025-08-05,B002,3,False
2025-08-06,M001,5,False
2025-08-06,M002,4,False
2025-08-06,M003,0,False
2025-08-06,A001,15,False
2025-08-06,A002,4,False
2025-08-06,A003,11,False
2025-08-06,A004,5,False
2025-08-06,A005,5,False
2025-08-06,A006,5,False
2025-08-06,B001,2,False
2025-08-06,B002,2,False
2025-08-07,M001,4,False
2025-08-07,M002,7,False
2025-08-07,M003,2,False
2025-08-07,A001,18,False
2025-08-07,A002,8,False
2025-08-07,A003,8,False
2025-08-07,A004,9,False
2025-08-07,A005,9,False
2025-08-07,A006,1,False
2025-08-07,B001,3,False
2025-08-07,B002,0,False
2025-08-08,M001,3,False
2025-08-08,M002,6,False
2025-08-08,M003,7,False
2025-08-08,A001,12,False
2025-08-08,A002,6,False
2025-08-08,A003,9,False
2025-08-08,A004,8,False
2025-08-08,A005,14,False
2025-08-08,A006,5,False
2025-08-08,B001,7,False
2025-08-08,B002,0,False
2025-08-09,M001,7,False
2025-08-09,M002,5,False
2025-08-09,M003,3,False
2025-08-09,A001,12,False
2025-08-09,A002,14,False
2025-08-09,A003,13,False
2025-08-09,A004,5,False
2025-08-09,A005,10,False
2025-08-09,A006,12,False
2025-08-09,B001,6,False
2025-08-09,B002,3,False
2025-08-10,M001,3,False
2025-08-10,M002,3,False
2025-08-10,M003,6,False
2025-08-10,A001,13,False
2025-08-10,A002,12,False
2025-08-10,A003,11,False
2025-08-10,A004,8,False
2025-08-10,A005,4,False
2025-08-10,A006,8,False
2025-08-10,B001,9,False
2025-08-10,B002,5,False
2025-08-11,M001,1,False
2025-08-11,M002,3,False
2025-08-11,M003,1,False
2025-08-11,A001,18,False
2025-08-11,A002,7,False
2025-08-11,A003,8,False
2025-08-11,A004,5,False
2025-08-11,A005,5,False
2025-08-11,A006,2,False
2025-08-11,B001,5,False
2025-08-11,B002,3,False
2025-08-12,M001,3,False
2025-08-12,M002,4,False
2025-08-12,M003,3,False
2025-08-12,A001,18,False
2025-08-12,A002,9,False
2025-08-12,A003,9,False
2025-08-12,A004,6,False
2025-08-12,A005,5,False
2025-08-12,A006,2,False
2025-08-12,B001,8,False
2025-08-12,B002,3,False
2025-08-13,M001,4,False
2025-08-13,M002,6,False
2025-08-13,M003,3,False
2025-08-13,A001,8,False
2025-08-13,A002,4,False
2025-08-13,A003,10,False
2025-08-13,A004,0,False
2025-08-13,A005,4,False
2025-08-13,A006,8,False
2025-08-13,B001,3,False
2025-08-13,B002,4,False
2025-08-14,M001,0,False
2025-08-14,M002,0,False
2025-08-14,M003,1,False
2025-08-14,A001,12,False
2025-08-14,A002,15,False
2025-08-14,A003,4,False
2025-08-14,A004,4,False
2025-08-14,A005,14,False
2025-08-14,A006,5,False
2025-08-14,B001,6,False
2025-08-14,B002,6,False
2025-08-15,M001,7,False
2025-08-15,M002,2,False
2025-08-15,M003,4,False
2025-08-15,A001,5,False
2025-08-15,A002,10,False
2025-08-15,A003,9,False
2025-08-15,A004,2,False
2025-08-15,A005,10,False
2025-08-15,A006,4,False
2025-08-15,B001,6,False
2025-08-15,B002,2,False
2025-08-16,M001,3,False
2025-08-16,M002,3,False
2025-08-16,M003,4,False
2025-08-16,A001,19,False
2025-08-16,A002,13,False
2025-08-16,A003,11,False
2025-08-16,A004,9,False
2025-08-16,A005,7,False
2025-08-16,A006,10,False
2025-08-16,B001,5,False
2025-08-16,B002,6,False
2025-08-17,M001,2,False
2025-08-17,M002,3,False
2025-08-17,M003,3,False
2025-08-17,A001,17,False
2025-08-17,A002,9,False
2025-08-17,A003,11,False
2025-08-17,A004,4,False
2025-08-17,A005,8,False
2025-08-17,A006,8,False
2025-08-17,B001,6,False
2025-08-17,B002,4,False
2025-08-18,M001,1,False
2025-08-18,M002,4,False
2025-08-18,M003,3,False
2025-08-18,A001,16,False
2025-08-18,A002,5,False
2025-08-18,A003,9,False
2025-08-18,A004,8,False
2025-08-18,A005,5,False
2025-08-18,A006,5,False
2025-08-18,B001,1,False
2025-08-18,B002,0,False
2025-08-19,M001,3,False
2025-08-19,M002,3,False
2025-08-19,M003,0,False
2025-08-19,A001,11,False
2025-08-19,A002,9,False
2025-08-19,A003,4,False
2025-08-19,A004,3,False
2025-08-19,A005,1,False
2025-08-19,A006,5,False
2025-08-19,B001,3,False
2025-08-19,B002,0,False
2025-08-20,M001,9,False
2025-08-20,M002,2,False
2025-08-20,M003,2,False
2025-08-20,A001,8,False
2025-08-20,A002,10,False
2025-08-20,A003,6,False
2025-08-20,A004,6,False
2025-08-20,A005,6,False
2025-08-20,A006,1,False
2025-08-20,B001,3,False
2025-08-20,B002,1,False
2025-08-21,M001,5,False
2025-08-21,M002,5,False
2025-08-21,M003,0,False
2025-08-21,A001,14,False
2025-08-21,A002,11,False
2025-08-21,A003,11,False
2025-08-21,A004,7,False
2025-08-21,A005,9,False
2025-08-21,A006,5,False
2025-08-21,B001,8,False
2025-08-21,B002,5,False
2025-08-22,M001,2,False
2025-08-22,M002,2,False
2025-08-22,M003,1,False
2025-08-22,A001,10,False
2025-08-22,A002,8,False
2025-08-22,A003,6,False
2025-08-22,A004,6,False
2025-08-22,A005,7,False
2025-08-22,A006,5,False
2025-08-22,B001,11,False
2025-08-22,B002,4,False
2025-08-23,M001,5,False
2025-08-23,M002,7,False
2025-08-23,M003,0,False
2025-08-23,A001,16,False
2025-08-23,A002,10,False
2025-08-23,A003,11,False
2025-08-23,A004,7,False
2025-08-23,A005,9,False
2025-08-23,A006,7,False
2025-08-23,B001,5,False
2025-08-23,B002,6,False
2025-08-24,M001,5,False
2025-08-24,M002,4,False
2025-08-24,M003,2,False
2025-08-24,A001,17,False
2025-08-24,A002,5,False
2025-08-24,A003,8,False
2025-08-24,A004,4,False
2025-08-24,A005,9,False
2025-08-24,A006,9,False
2025-08-24,B001,5,False
2025-08-24,B002,10,False
2025-08-25,M001,2,False
2025-08-25,M002,2,False
2025-08-25,M003,0,False
2025-08-25,A001,7,False
2025-08-25,A002,5,False
2025-08-25,A003,5,False
2025-08-25,A004,8,False
2025-08-25,A005,4,False
2025-08-25,A006,4,False
2025-08-25,B001,4,False
2025-08-25,B002,2,False
2025-08-26,M001,5,False
2025-08-26,M002,0,False
2025-08-26,M003,4,False
2025-08-26,A001,12,False
2025-08-26,A002,7,False
2025-08-26,A003,8,False
2025-08-26,A004,4,False
2025-08-26,A005,10,False
2025-08-26,A006,3,False
2025-08-26,B001,3,False
2025-08-26,B002,0,False
2025-08-27,M001,4,False
2025-08-27,M002,2,False
2025-08-27,M003,2,False
2025-08-27,A001,10,False
2025-08-27,A002,10,False
2025-08-27,A003,11,False
2025-08-27,A004,2,False
2025-08-27,A005,6,False
2025-08-27,A006,2,False
2025-08-27,B001,5,False
2025-08-27,B002,0,False
2025-08-28,M001,9,False
2025-08-28,M002,4,False
2025-08-28,M003,2,False
2025-08-28,A001,10,False
2025-08-28,A002,3,False
2025-08-28,A003,9,False
2025-08-28,A004,4,False
2025-08-28,A005,8,False
2025-08-28,A006,12,False
2025-08-28,B001,5,False
2025-08-28,B002,4,False
2025-08-29,M001,3,False
2025-08-29,M002,12,False
2025-08-29,M003,3,False
2025-08-29,A001,8,False
2025-08-29,A002,7,False
2025-08-29,A003,9,False
2025-08-29,A004,5,False
2025-08-29,A005,10,False
2025-08-29,A006,8,False
2025-08-29,B001,3,False
2025-08-29,B002,3,False
2025-08-30,M001,5,False
2025-08-30,M002,2,False
2025-08-30,M003,6,False
2025-08-30,A001,14,False
2025-08-30,A002,14,False
2025-08-30,A003,14,False
2025-08-30,A004,9,False
2025-08-30,A005,6,False
2025-08-30,A006,7,False
2025-08-30,B001,3,False
2025-08-30,B002,5,False
2025-08-31,M001,5,False
2025-08-31,M002,8,False
2025-08-31,M003,1,False
2025-08-31,A001,19,False
2025-08-31,A002,13,False
2025-08-31,A003,9,False
2025-08-31,A004,4,False
2025-08-31,A005,13,False
2025-08-31,A006,4,False
2025-08-31,B001,4,False
2025-08-31,B002,2,False
2025-09-01,M001,2,False
2025-09-01,M002,4,False
2025-09-01,M003,0,False
2025-09-01,A001,15,False
2025-09-01,A002,4,False
2025-09-01,A003,8,False
2025-09-01,A004,3,False
2025-09-01,A005,5,False
2025-09-01,A006,8,False
2025-09-01,B001,13,False
2025-09-01,B002,2,False
2025-09-02,M001,0,False
2025-09-02,M002,3,False
2025-09-02,M003,1,False
2025-09-02,A001,3,False
2025-09-02,A002,4,False
2025-09-02,A003,13,False
2025-09-02,A004,4,False
2025-09-02,A005,3,False
2025-09-02,A006,6,False
2025-09-02,B001,5,False
2025-09-02,B002,3,False
2025-09-03,M001,2,False
2025-09-03,M002,5,False
2025-09-03,M003,3,False
2025-09-03,A001,9,False
2025-09-03,A002,5,False
2025-09-03,A003,4,False
2025-09-03,A004,5,False
2025-09-03,A005,6,False
2025-09-03,A006,7,False
2025-09-03,B001,5,False
2025-09-03,B002,4,False
2025-09-04,M001,5,False
2025-09-04,M002,5,False
2025-09-04,M003,2,False
2025-09-04,A001,11,False
2025-09-04,A002,11,False
2025-09-04,A003,11,False
2025-09-04,A004,6,False
2025-09-04,A005,11,False
2025-09-04,A006,7,False
2025-09-04,B001,12,False
2025-09-04,B002,6,False
2025-09-05,M001,3,False
2025-09-05,M002,5,False
2025-09-05,M003,7,False
2025-09-05,A001,14,False
2025-09-05,A002,14,False
2025-09-05,A003,9,False
2025-09-05,A004,6,False
2025-09-05,A005,9,False
2025-09-05,A006,5,False
2025-09-05,B001,6,False
2025-09-05,B002,1,False
2025-09-06,M001,4,False
2025-09-06,M002,3,False
2025-09-06,M003,6,False
2025-09-06,A001,17,False
2025-09-06,A002,15,False
2025-09-06,A003,12,False
2025-09-06,A004,6,False
2025-09-06,A005,10,False
2025-09-06,A006,8,False
2025-09-06,B001,4,False
2025-09-06,B002,8,False
2025-09-07,M001,5,False
2025-09-07,M002,7,False
2025-09-07,M003,5,False
2025-09-07,A001,12,False
2025-09-07,A002,10,False
2025-09-07,A003,11,False
2025-09-07,A004,8,False
2025-09-07,A005,10,False
2025-09-07,A006,12,False
2025-09-07,B001,7,False
2025-09-07,B002,2,False
2025-09-08,M001,5,False
2025-09-08,M002,1,False
2025-09-08,M003,2,False
2025-09-08,A001,15,False
2025-09-08,A002,7,False
2025-09-08,A003,3,False
2025-09-08,A004,4,False
2025-09-08,A005,2,False
2025-09-08,A006,5,False
2025-09-08,B001,8,False
2025-09-08,B002,1,False
2025-09-09,M001,2,False
2025-09-09,M002,5,False
2025-09-09,M003,1,False
2025-09-09,A001,10,False
2025-09-09,A002,12,False
2025-09-09,A003,8,False
2025-09-09,A004,6,False
2025-09-09,A005,12,False
2025-09-09,A006,2,False
2025-09-09,B001,3,False
2025-09-09,B002,2,False
2025-09-10,M001,1,False
2025-09-10,M002,5,False
2025-09-10,M003,2,False
2025-09-10,A001,8,False
2025-09-10,A002,9,False
2025-09-10,A003,5,False
2025-09-10,A004,5,False
2025-09-10,A005,6,False
2025-09-10,A006,2,False
2025-09-10,B001,2,False
2025-09-10,B002,3,False
2025-09-11,M001,0,False
2025-09-11,M002,4,False
2025-09-11,M003,2,False
2025-09-11,A001,11,False
2025-09-11,A002,8,False
2025-09-11,A003,11,False
2025-09-11,A004,6,False
2025-09-11,A005,10,False
2025-09-11,A006,2,False
2025-09-11,B001,13,False
2025-09-11,B002,4,False
2025-09-12,M001,4,False
2025-09-12,M002,1,False
2025-09-12,M003,2,False
2025-09-12,A001,16,False
2025-09-12,A002,6,False
2025-09-12,A003,8,False
2025-09-12,A004,8,False
2025-09-12,A005,7,False
2025-09-12,A006,9,False
2025-09-12,B001,6,False
2025-09-12,B002,2,False
2025-09-13,M001,1,False
2025-09-13,M002,6,False
2025-09-13,M003,1,False
2025-09-13,A001,11,False
2025-09-13,A002,16,False
2025-09-13,A003,12,False
2025-09-13,A004,5,False
2025-09-13,A005,19,False
2025-09-13,A006,9,False
2025-09-13,B001,5,False
2025-09-13,B002,2,False
2025-09-14,M001,2,False
2025-09-14,M002,5,False
2025-09-14,M003,4,False
2025-09-14,A001,16,False
2025-09-14,A002,14,False
2025-09-14,A003,11,False
2025-09-14,A004,2,False
2025-09-14,A005,9,False
2025-09-14,A006,6,False
2025-09-14,B001,4,False
2025-09-14,B002,4,False
2025-09-15,M001,0,False
2025-09-15,M002,5,False
2025-09-15,M003,2,False
2025-09-15,A001,16,False
2025-09-15,A002,10,False
2025-09-15,A003,10,False
2025-09-15,A004,6,False
2025-09-15,A005,7,False
2025-09-15,A006,3,False
2025-09-15,B001,4,False
2025-09-15,B002,2,False
2025-09-16,M001,2,False
2025-09-16,M002,0,False
2025-09-16,M003,2,False
2025-09-16,A001,8,False
2025-09-16,A002,7,False
2025-09-16,A003,7,False
2025-09-16,A004,6,False
2025-09-16,A005,5,False
2025-09-16,A006,10,False
2025-09-16,B001,5,False
2025-09-16,B002,2,False
2025-09-17,M001,3,False
2025-09-17,M002,3,False
2025-09-17,M003,1,False
2025-09-17,A001,15,False
2025-09-17,A002,7,False
2025-09-17,A003,5,False
2025-09-17,A004,9,False
2025-09-17,A005,6,False
2025-09-17,A006,3,False
2025-09-17,B001,6,False
2025-09-17,B002,0,False
2025-09-18,M001,5,False
2025-09-18,M002,7,False
2025-09-18,M003,6,False
2025-09-18,A001,18,False
2025-09-18,A002,16,False
2025-09-18,A003,8,False
2025-09-18,A004,5,False
2025-09-18,A005,9,False
2025-09-18,A006,5,False
2025-09-18,B001,9,False
2025-09-18,B002,0,False
2025-09-19,M001,5,False
2025-09-19,M002,3,False
2025-09-19,M003,5,False
2025-09-19,A001,12,False
2025-09-19,A002,7,False
2025-09-19,A003,2,False
2025-09-19,A004,5,False
2025-09-19,A005,9,False
2025-09-19,A006,8,False
2025-09-19,B001,2,False
2025-09-19,B002,5,False
2025-09-20,M001,2,False
2025-09-20,M002,3,False
2025-09-20,M003,0,False
2025-09-20,A001,21,False
2025-09-20,A002,12,False
2025-09-20,A003,13,False
2025-09-20,A004,8,False
2025-09-20,A005,8,False
2025-09-20,A006,5,False
2025-09-20,B001,6,False
2025-09-20,B002,3,False
2025-09-21,M001,2,False
2025-09-21,M002,6,False
2025-09-21,M003,5,False
2025-09-21,A001,10,False
2025-09-21,A002,12,False
2025-09-21,A003,8,False
2025-09-21,A004,3,False
2025-09-21,A005,9,False
2025-09-21,A006,4,False
2025-09-21,B001,3,False
2025-09-21,B002,4,False
2025-09-22,M001,0,False
2025-09-22,M002,0,False
2025-09-22,M003,1,False
2025-09-22,A001,7,False
2025-09-22,A002,7,False
2025-09-22,A003,9,False
2025-09-22,A004,4,False
2025-09-22,A005,3,False
2025-09-22,A006,4,False
2025-09-22,B001,3,False
2025-09-22,B002,3,False
2025-09-23,M001,1,False
2025-09-23,M002,3,False
2025-09-23,M003,3,False
2025-09-23,A001,11,False
2025-09-23,A002,7,False
2025-09-23,A003,10,False
2025-09-23,A004,5,False
2025-09-23,A005,4,False
2025-09-23,A006,2,False
2025-09-23,B001,2,False
2025-09-23,B002,3,False
2025-09-24,M001,6,False
2025-09-24,M002,6,False
2025-09-24,M003,4,False
2025-09-24,A001,11,False
2025-09-24,A002,7,False
2025-09-24,A003,9,False
2025-09-24,A004,2,False
2025-09-24,A005,3,False
2025-09-24,A006,6,False
2025-09-24,B001,3,False
2025-09-24,B002,7,False
2025-09-25,M001,6,False
2025-09-25,M002,3,False
2025-09-25,M003,3,False
2025-09-25,A001,12,False
2025-09-25,A002,14,False
2025-09-25,A003,10,False
2025-09-25,A004,10,False
2025-09-25,A005,6,False
2025-09-25,A006,9,False
2025-09-25,B001,9,False
2025-09-25,B002,2,False
2025-09-26,M001,4,False
2025-09-26,M002,5,False
2025-09-26,M003,5,False
2025-09-26,A001,11,False
2025-09-26,A002,12,False
2025-09-26,A003,7,False
2025-09-26,A004,8,False
2025-09-26,A005,7,False
2025-09-26,A006,2,False
2025-09-26,B001,2,False
2025-09-26,B002,4,False
2025-09-27,M001,9,False
2025-09-27,M002,6,False
2025-09-27,M003,0,False
2025-09-27,A001,13,False
2025-09-27,A002,14,False
2025-09-27,A003,11,False
2025-09-27,A004,7,False
2025-09-27,A005,8,False
2025-09-27,A006,7,False
2025-09-27,B001,10,False
2025-09-27,B002,6,False
2025-09-28,M001,1,False
2025-09-28,M002,2,False
2025-09-28,M003,2,False
2025-09-28,A001,13,False
2025-09-28,A002,9,False
2025-09-28,A003,13,False
2025-09-28,A004,5,False
2025-09-28,A005,9,False
2025-09-28,A006,3,False
2025-09-28,B001,6,False
2025-09-28,B002,6,False
2025-09-29,M001,6,False
2025-09-29,M002,5,False
2025-09-29,M003,3,False
2025-09-29,A001,10,False
2025-09-29,A002,10,False
2025-09-29,A003,9,False
2025-09-29,A004,6,False
2025-09-29,A005,4,False
2025-09-29,A006,5,False
2025-09-29,B001,2,False
2025-09-29,B002,3,False
2025-09-30,M001,0,False
2025-09-30,M002,0,False
2025-09-30,M003,2,False
2025-09-30,A001,15,False
2025-09-30,A002,7,False
2025-09-30,A003,9,False
2025-09-30,A004,6,False
2025-09-30,A005,7,False
2025-09-30,A006,3,False
2025-09-30,B001,4,False
2025-09-30,B002,1,False
2025-10-01,M001,7,False
2025-10-01,M002,8,False
2025-10-01,M003,2,False
2025-10-01,A001,12,False
2025-10-01,A002,5,False
2025-10-01,A003,7,False
2025-10-01,A004,9,False
2025-10-01,A005,4,False
2025-10-01,A006,2,False
2025-10-01,B001,8,False
2025-10-01,B002,0,False
2025-10-02,M001,3,False
2025-10-02,M002,9,False
2025-10-02,M003,0,False
2025-10-02,A001,12,False
2025-10-02,A002,4,False
2025-10-02,A003,13,False
2025-10-02,A004,6,False
2025-10-02,A005,9,False
2025-10-02,A006,6,False
2025-10-02,B001,8,False
2025-10-02,B002,5,False
2025-10-03,M001,0,False
2025-10-03,M002,4,False
2025-10-03,M003,7,False
2025-10-03,A001,19,False
2025-10-03,A002,12,False
2025-10-03,A003,10,False
2025-10-03,A004,9,False
2025-10-03,A005,11,False
2025-10-03,A006,2,False
2025-10-03,B001,10,False
2025-10-03,B002,3,False
2025-10-04,M001,3,False
2025-10-04,M002,3,False
2025-10-04,M003,1,False
2025-10-04,A001,16,False
2025-10-04,A002,14,False
2025-10-04,A003,12,False
2025-10-04,A004,12,False
2025-10-04,A005,10,False
2025-10-04,A006,7,False
2025-10-04,B001,5,False
2025-10-04,B002,7,False
2025-10-05,M001,2,False
2025-10-05,M002,6,False
2025-10-05,M003,5,False
2025-10-05,A001,11,False
2025-10-05,A002,10,False
2025-10-05,A003,15,False
2025-10-05,A004,7,False
2025-10-05,A005,5,False
2025-10-05,A006,6,False
2025-10-05,B001,5,False
2025-10-05,B002,4,False
2025-10-06,M001,8,False
2025-10-06,M002,5,False
2025-10-06,M003,2,False
2025-10-06,A001,13,False
2025-10-06,A002,3,False
2025-10-06,A003,7,False
2025-10-06,A004,9,False
2025-10-06,A005,9,False
2025-10-06,A006,4,False
2025-10-06,B001,6,False
2025-10-06,B002,3,False
2025-10-07,M001,4,False
2025-10-07,M002,2,False
2025-10-07,M003,1,False
2025-10-07,A001,5,False
2025-10-07,A002,6,False
2025-10-07,A003,11,False
2025-10-07,A004,5,False
2025-10-07,A005,8,False
2025-10-07,A006,7,False
2025-10-07,B001,4,False
2025-10-07,B002,7,False
2025-10-08,M001,1,False
2025-10-08,M002,3,False
2025-10-08,M003,2,False
2025-10-08,A001,9,False
2025-10-08,A002,16,False
2025-10-08,A003,11,False
2025-10-08,A004,10,False
2025-10-08,A005,2,False
2025-10-08,A006,7,False
2025-10-08,B001,1,False
2025-10-08,B002,2,False
2025-10-09,M001,2,False
2025-10-09,M002,0,False
2025-10-09,M003,6,False
2025-10-09,A001,7,False
2025-10-09,A002,9,False
2025-10-09,A003,13,False
2025-10-09,A004,4,False
2025-10-09,A005,8,False
2025-10-09,A006,9,False
2025-10-09,B001,6,False
2025-10-09,B002,2,False
2025-10-10,M001,4,False
2025-10-10,M002,5,False
2025-10-10,M003,0,False
2025-10-10,A001,6,False
2025-10-10,A002,5,False
2025-10-10,A003,8,False
2025-10-10,A004,9,False
2025-10-10,A005,3,False
2025-10-10,A006,8,False
2025-10-10,B001,5,False
2025-10-10,B002,5,False
2025-10-11,M001,0,False
2025-10-11,M002,7,False
2025-10-11,M003,3,False
2025-10-11,A001,15,False
2025-10-11,A002,9,False
2025-10-11,A003,14,False
2025-10-11,A004,7,False
2025-10-11,A005,9,False
2025-10-11,A006,3,False
2025-10-11,B001,5,False
2025-10-11,B002,7,False
2025-10-12,M001,2,False
2025-10-12,M002,4,False
2025-10-12,M003,3,False
2025-10-12,A001,10,False
2025-10-12,A002,12,False
2025-10-12,A003,14,False
2025-10-12,A004,6,False
2025-10-12,A005,10,False
2025-10-12,A006,6,False
2025-10-12,B001,7,False
2025-10-12,B002,2,False
2025-10-13,M001,7,False
2025-10-13,M002,6,False
2025-10-13,M003,5,False
2025-10-13,A001,17,False
2025-10-13,A002,11,False
2025-10-13,A003,9,False
2025-10-13,A004,9,False
2025-10-13,A005,1,False
2025-10-13,A006,5,False
2025-10-13,B001,6,False
2025-10-13,B002,3,False
2025-10-14,M001,3,False
2025-10-14,M002,0,False
2025-10-14,M003,0,False
2025-10-14,A001,9,False
2025-10-14,A002,8,False
2025-10-14,A003,15,False
2025-10-14,A004,5,False
2025-10-14,A005,6,False
2025-10-14,A006,3,False
2025-10-14,B001,6,False
2025-10-14,B002,4,False
2025-10-15,M001,2,False
2025-10-15,M002,3,False
2025-10-15,M003,2,False
2025-10-15,A001,19,False
2025-10-15,A002,7,False
2025-10-15,A003,10,False
2025-10-15,A004,4,False
2025-10-15,A005,6,False
2025-10-15,A006,5,False
2025-10-15,B001,5,False
2025-10-15,B002,2,False
2025-10-16,M001,1,False
2025-10-16,M002,3,False
2025-10-16,M003,4,False
2025-10-16,A001,11,False
2025-10-16,A002,8,False
2025-10-16,A003,10,False
2025-10-16,A004,3,False
2025-10-16,A005,7,False
2025-10-16,A006,4,False
2025-10-16,B001,7,False
2025-10-16,B002,3,False
2025-10-17,M001,4,False
2025-10-17,M002,4,False
2025-10-17,M003,1,False
2025-10-17,A001,15,False
2025-10-17,A002,4,False
2025-10-17,A003,10,False
2025-10-17,A004,11,False
2025-10-17,A005,4,False
2025-10-17,A006,6,False
2025-10-17,B001,6,False
2025-10-17,B002,5,False
2025-10-18,M001,4,False
2025-10-18,M002,3,False
2025-10-18,M003,0,False
2025-10-18,A001,22,False
2025-10-18,A002,11,False
2025-10-18,A003,17,False
2025-10-18,A004,8,False
2025-10-18,A005,7,False
2025-10-18,A006,11,False
2025-10-18,B001,5,False
2025-10-18,B002,3,False
2025-10-19,M001,1,False
2025-10-19,M002,0,False
2025-10-19,M003,3,False
2025-10-19,A001,15,False
2025-10-19,A002,14,False
2025-10-19,A003,14,False
2025-10-19,A004,7,False
2025-10-19,A005,16,False
2025-10-19,A006,8,False
2025-10-19,B001,14,False
2025-10-19,B002,5,False
2025-10-20,M001,3,False
2025-10-20,M002,4,False
2025-10-20,M003,0,False
2025-10-20,A001,13,False
2025-10-20,A002,10,False
2025-10-20,A003,9,False
2025-10-20,A004,5,False
2025-10-20,A005,2,False
2025-10-20,A006,1,False
2025-10-20,B001,3,False
2025-10-20,B002,0,False
2025-10-21,M001,2,False
2025-10-21,M002,8,False
2025-10-21,M003,4,False
2025-10-21,A001,10,False
2025-10-21,A002,8,False
2025-10-21,A003,10,False
2025-10-21,A004,10,False
2025-10-21,A005,7,False
2025-10-21,A006,3,False
2025-10-21,B001,2,False
2025-10-21,B002,2,False
2025-10-22,M001,2,False
2025-10-22,M002,8,False
2025-10-22,M003,4,False
2025-10-22,A001,12,False
2025-10-22,A002,6,False
2025-10-22,A003,9,False
2025-10-22,A004,3,False
2025-10-22,A005,2,False
2025-10-22,A006,3,False
2025-10-22,B001,1,False
2025-10-22,B002,2,False
2025-10-23,M001,0,False
2025-10-23,M002,6,False
2025-10-23,M003,5,False
2025-10-23,A001,21,False
2025-10-23,A002,10,False
2025-10-23,A003,9,False
2025-10-23,A004,9,False
2025-10-23,A005,9,False
2025-10-23,A006,6,False
2025-10-23,B001,8,False
2025-10-23,B002,5,False
2025-10-24,M001,3,False
2025-10-24,M002,2,False
2025-10-24,M003,1,False
2025-10-24,A001,11,False
2025-10-24,A002,13,False
2025-10-24,A003,8,False
2025-10-24,A004,4,False
2025-10-24,A005,7,False
2025-10-24,A006,11,False
2025-10-24,B001,6,False
2025-10-24,B002,1,False
2025-10-25,M001,1,False
2025-10-25,M002,6,False
2025-10-25,M003,2,False
2025-10-25,A001,14,False
2025-10-25,A002,12,False
2025-10-25,A003,8,False
2025-10-25,A004,8,False
2025-10-25,A005,12,False
2025-10-25,A006,9,False
2025-10-25,B001,6,False
2025-10-25,B002,0,False
2025-10-26,M001,8,False
2025-10-26,M002,3,False
2025-10-26,M003,3,False
2025-10-26,A001,17,False
2025-10-26,A002,10,False
2025-10-26,A003,11,False
2025-10-26,A004,11,False
2025-10-26,A005,12,False
2025-10-26,A006,8,False
2025-10-26,B001,7,False
2025-10-26,B002,5,False
2025-10-27,M001,3,False
2025-10-27,M002,1,False
2025-10-27,M003,2,False
2025-10-27,A001,12,False
2025-10-27,A002,11,False
2025-10-27,A003,8,False
2025-10-27,A004,8,False
2025-10-27,A005,9,False
2025-10-27,A006,10,False
2025-10-27,B001,3,False
2025-10-27,B002,7,False
2025-10-28,M001,0,False
2025-10-28,M002,1,False
2025-10-28,M003,1,False
2025-10-28,A001,11,False
2025-10-28,A002,9,False
2025-10-28,A003,10,False
2025-10-28,A004,2,False
2025-10-28,A005,6,False
2025-10-28,A006,8,False
2025-10-28,B001,6,False
2025-10-28,B002,0,False
2025-10-29,M001,2,False
2025-10-29,M002,3,False
2025-10-29,M003,3,False
2025-10-29,A001,9,False
2025-10-29,A002,13,False
2025-10-29,A003,9,False
2025-10-29,A004,11,False
2025-10-29,A005,6,False
2025-10-29,A006,2,False
2025-10-29,B001,2,False
2025-10-29,B002,4,False
2025-10-30,M001,8,False
2025-10-30,M002,3,False
2025-10-30,M003,10,False
2025-10-30,A001,13,False
2025-10-30,A002,7,False
2025-10-30,A003,5,False
2025-10-30,A004,7,False
2025-10-30,A005,10,False
2025-10-30,A006,6,False
2025-10-30,B001,3,False
2025-10-30,B002,5,False
2025-10-31,M001,0,False
2025-10-31,M002,2,False
2025-10-31,M003,2,False
2025-10-31,A001,12,False
2025-10-31,A002,8,False
2025-10-31,A003,13,False
2025-10-31,A004,7,False
2025-10-31,A005,11,False
2025-10-31,A006,7,False
2025-10-31,B001,2,False
2025-10-31,B002,2,False
2025-11-01,M001,0,False
2025-11-01,M002,0,False
2025-11-01,M003,1,False
2025-11-01,A001,20,False
2025-11-01,A002,21,False
2025-11-01,A003,14,False
2025-11-01,A004,12,False
2025-11-01,A005,20,False
2025-11-01,A006,9,False
2025-11-01,B001,6,False
2025-11-01,B002,6,False
2025-11-02,M001,0,False
2025-11-02,M002,5,False
2025-11-02,M003,4,False
2025-11-02,A001,21,False
2025-11-02,A002,16,False
2025-11-02,A003,19,False
2025-11-02,A004,14,False
2025-11-02,A005,14,False
2025-11-02,A006,9,False
2025-11-02,B001,10,False
2025-11-02,B002,1,False
2025-11-03,M001,7,False
2025-11-03,M002,5,False
2025-11-03,M003,5,False
2025-11-03,A001,12,False
2025-11-03,A002,16,False
2025-11-03,A003,6,False
2025-11-03,A004,4,False
2025-11-03,A005,7,False
2025-11-03,A006,7,False
2025-11-03,B001,13,False
2025-11-03,B002,4,False
2025-11-04,M001,1,False
2025-11-04,M002,5,False
2025-11-04,M003,0,False
2025-11-04,A001,16,False
2025-11-04,A002,9,False
2025-11-04,A003,9,False
2025-11-04,A004,7,False
2025-11-04,A005,11,False
2025-11-04,A006,7,False
2025-11-04,B001,4,False
2025-11-04,B002,2,False
2025-11-05,M001,4,False
2025-11-05,M002,4,False
2025-11-05,M003,7,False
2025-11-05,A001,17,False
2025-11-05,A002,17,False
2025-11-05,A003,11,False
2025-11-05,A004,11,False
2025-11-05,A005,9,False
2025-11-05,A006,4,False
2025-11-05,B001,9,False
2025-11-05,B002,5,False
2025-11-06,M001,0,False
2025-11-06,M002,7,False
2025-11-06,M003,5,False
2025-11-06,A001,16,False
2025-11-06,A002,11,False
2025-11-06,A003,14,False
2025-11-06,A004,10,False
2025-11-06,A005,7,False
2025-11-06,A006,12,False
2025-11-06,B001,6,False
2025-11-06,B002,6,False
2025-11-07,M001,1,False
2025-11-07,M002,6,False
2025-11-07,M003,1,False
2025-11-07,A001,25,False
2025-11-07,A002,9,False
2025-11-07,A003,13,False
2025-11-07,A004,8,False
2025-11-07,A005,9,False
2025-11-07,A006,11,False
2025-11-07,B001,3,False
2025-11-07,B002,5,False
2025-11-08,M001,8,False
2025-11-08,M002,9,False
2025-11-08,M003,10,False
2025-11-08,A001,24,False
2025-11-08,A002,16,False
2025-11-08,A003,16,False
2025-11-08,A004,9,False
2025-11-08,A005,13,False
2025-11-08,A006,9,False
2025-11-08,B001,8,False
2025-11-08,B002,3,False
2025-11-09,M001,6,False
2025-11-09,M002,7,False
2025-11-09,M003,7,False
2025-11-09,A001,25,False
2025-11-09,A002,8,False
2025-11-09,A003,19,False
2025-11-09,A004,4,False
2025-11-09,A005,19,False
2025-11-09,A006,3,False
2025-11-09,B001,11,False
2025-11-09,B002,7,False
2025-11-10,M001,2,False
2025-11-10,M002,6,False
2025-11-10,M003,2,False
2025-11-10,A001,16,False
2025-11-10,A002,12,False
2025-11-10,A003,15,False
2025-11-10,A004,1,False
2025-11-10,A005,11,False
2025-11-10,A006,5,False
2025-11-10,B001,6,False
2025-11-10,B002,1,False
2025-11-11,M001,4,False
2025-11-11,M002,7,False
2025-11-11,M003,0,False
2025-11-11,A001,13,False
2025-11-11,A002,7,False
2025-11-11,A003,11,False
2025-11-11,A004,6,False
2025-11-11,A005,14,False
2025-11-11,A006,6,False
2025-11-11,B001,8,False
2025-11-11,B002,2,False
2025-11-12,M001,4,False
2025-11-12,M002,4,False
2025-11-12,M003,0,False
2025-11-12,A001,15,False
2025-11-12,A002,15,False
2025-11-12,A003,11,False
2025-11-12,A004,8,False
2025-11-12,A005,6,False
2025-11-12,A006,11,False
2025-11-12,B001,9,False
2025-11-12,B002,3,False
2025-11-13,M001,0,False
2025-11-13,M002,2,False
2025-11-13,M003,2,False
2025-11-13,A001,28,False
2025-11-13,A002,20,False
2025-11-13,A003,17,False
2025-11-13,A004,8,False
2025-11-13,A005,10,False
2025-11-13,A006,11,False
2025-11-13,B001,6,False
2025-11-13,B002,0,False
2025-11-14,M001,6,False
2025-11-14,M002,6,False
2025-11-14,M003,3,False
2025-11-14,A001,28,False
2025-11-14,A002,21,False
2025-11-14,A003,11,False
2025-11-14,A004,10,False
2025-11-14,A005,8,False
2025-11-14,A006,13,False
2025-11-14,B001,11,False
2025-11-14,B002,5,False
2025-11-15,M001,8,False
2025-11-15,M002,6,False
2025-11-15,M003,6,False
2025-11-15,A001,8,False
2025-11-15,A002,13,False
2025-11-15,A003,12,False
2025-11-15,A004,9,False
2025-11-15,A005,12,False
2025-11-15,A006,6,False
2025-11-15,B001,8,False
2025-11-15,B002,4,False
2025-11-16,M001,8,False
2025-11-16,M002,10,False
2025-11-16,M003,6,False
2025-11-16,A001,17,False
2025-11-16,A002,15,False
2025-11-16,A003,16,False
2025-11-16,A004,13,False
2025-11-16,A005,15,False
2025-11-16,A006,8,False
2025-11-16,B001,12,False
2025-11-16,B002,6,False
2025-11-17,M001,2,False
2025-11-17,M002,2,False
2025-11-17,M003,3,False
2025-11-17,A001,14,False
2025-11-17,A002,7,False
2025-11-17,A003,5,False
2025-11-17,A004,6,False
2025-11-17,A005,11,False
2025-11-17,A006,3,False
2025-11-17,B001,7,False
2025-11-17,B002,2,False
2025-11-18,M001,5,False
2025-11-18,M002,4,False
2025-11-18,M003,4,False
2025-11-18,A001,6,False
2025-11-18,A002,14,False
2025-11-18,A003,10,False
2025-11-18,A004,7,False
2025-11-18,A005,7,False
2025-11-18,A006,9,False
2025-11-18,B001,7,False
2025-11-18,B002,6,False
2025-11-19,M001,4,False
2025-11-19,M002,7,False
2025-11-19,M003,3,False
2025-11-19,A001,20,False
2025-11-19,A002,13,False
2025-11-19,A003,9,False
2025-11-19,A004,6,False
2025-11-19,A005,10,False
2025-11-19,A006,8,False
2025-11-19,B001,9,False
2025-11-19,B002,5,False
2025-11-20,M001,5,False
2025-11-20,M002,10,False
2025-11-20,M003,4,False
2025-11-20,A001,12,False
2025-11-20,A002,12,False
2025-11-20,A003,15,False
2025-11-20,A004,10,False
2025-11-20,A005,16,False
2025-11-20,A006,13,False
2025-11-20,B001,14,False
2025-11-20,B002,0,False
2025-11-21,M001,0,False
2025-11-21,M002,0,False
2025-11-21,M003,8,False
2025-11-21,A001,19,False
2025-11-21,A002,13,False
2025-11-21,A003,9,False
2025-11-21,A004,5,False
2025-11-21,A005,15,False
2025-11-21,A006,8,False
2025-11-21,B001,6,False
2025-11-21,B002,2,False
2025-11-22,M001,5,False
2025-11-22,M002,7,False
2025-11-22,M003,6,False
2025-11-22,A001,26,False
2025-11-22,A002,15,False
2025-11-22,A003,15,False
2025-11-22,A004,12,False
2025-11-22,A005,15,False
2025-11-22,A006,8,False
2025-11-22,B001,7,False
2025-11-22,B002,7,False
2025-11-23,M001,1,False
2025-11-23,M002,11,False
2025-11-23,M003,7,False
2025-11-23,A001,20,False
2025-11-23,A002,13,False
2025-11-23,A003,14,False
2025-11-23,A004,12,False
2025-11-23,A005,19,False
2025-11-23,A006,10,False
2025-11-23,B001,13,False
2025-11-23,B002,2,False
2025-11-24,M001,2,False
2025-11-24,M002,6,False
2025-11-24,M003,2,False
2025-11-24,A001,11,False
2025-11-24,A002,10,False
2025-11-24,A003,5,False
2025-11-24,A004,5,False
2025-11-24,A005,10,False
2025-11-24,A006,15,False
2025-11-24,B001,6,False
2025-11-24,B002,0,False
2025-11-25,M001,8,False
2025-11-25,M002,3,False
2025-11-25,M003,7,False
2025-11-25,A001,14,False
2025-11-25,A002,8,False
2025-11-25,A003,7,False
2025-11-25,A004,7,False
2025-11-25,A005,6,False
2025-11-25,A006,7,False
2025-11-25,B001,6,False
2025-11-25,B002,6,False
2025-11-26,M001,2,False
2025-11-26,M002,0,False
2025-11-26,M003,2,False
2025-11-26,A001,12,False
2025-11-26,A002,16,False
2025-11-26,A003,11,False
2025-11-26,A004,11,False
2025-11-26,A005,10,False
2025-11-26,A006,8,False
2025-11-26,B001,5,False
2025-11-26,B002,4,False
2025-11-27,M001,1,False
2025-11-27,M002,8,False
2025-11-27,M003,5,False
2025-11-27,A001,15,False
2025-11-27,A002,8,False
2025-11-27,A003,18,False
2025-11-27,A004,11,False
2025-11-27,A005,14,False
2025-11-27,A006,8,False
2025-11-27,B001,6,False
2025-11-27,B002,2,False
2025-11-28,M001,14,True
2025-11-28,M002,11,True
2025-11-28,M003,18,True
2025-11-28,A001,46,True
2025-11-28,A002,27,True
2025-11-28,A003,40,True
2025-11-28,A004,29,True
2025-11-28,A005,18,True
2025-11-28,A006,22,True
2025-11-28,B001,13,True
2025-11-28,B002,10,True
2025-11-29,M001,0,True
2025-11-29,M002,13,True
2025-11-29,M003,5,True
2025-11-29,A001,51,True
2025-11-29,A002,23,True
2025-11-29,A003,38,True
2025-11-29,A004,34,True
2025-11-29,A005,31,True
2025-11-29,A006,27,True
2025-11-29,B001,17,True
2025-11-29,B002,0,True
2025-11-30,M001,11,True
2025-11-30,M002,13,True
2025-11-30,M003,13,True
2025-11-30,A001,54,True
2025-11-30,A002,48,True
2025-11-30,A003,31,True
2025-11-30,A004,25,True
2025-11-30,A005,31,True
2025-11-30,A006,21,True
2025-11-30,B001,18,True
2025-11-30,B002,13,True
2025-12-01,M001,0,False
2025-12-01,M002,1,False
2025-12-01,M003,2,False
2025-12-01,A001,18,False
2025-12-01,A002,8,False
2025-12-01,A003,15,False
2025-12-01,A004,5,False
2025-12-01,A005,7,False
2025-12-01,A006,5,False
2025-12-01,B001,1,False
2025-12-01,B002,4,False
2025-12-02,M001,7,False
2025-12-02,M002,1,False
2025-12-02,M003,0,False
2025-12-02,A001,18,False
2025-12-02,A002,11,False
2025-12-02,A003,10,False
2025-12-02,A004,10,False
2025-12-02,A005,8,False
2025-12-02,A006,5,False
2025-12-02,B001,4,False
2025-12-02,B002,0,False
2025-12-03,M001,4,False
2025-12-03,M002,0,False
2025-12-03,M003,4,False
2025-12-03,A001,17,False
2025-12-03,A002,9,False
2025-12-03,A003,14,False
2025-12-03,A004,12,False
2025-12-03,A005,7,False
2025-12-03,A006,4,False
2025-12-03,B001,6,False
2025-12-03,B002,2,False
2025-12-04,M001,7,False
2025-12-04,M002,7,False
2025-12-04,M003,2,False
2025-12-04,A001,14,False
2025-12-04,A002,14,False
2025-12-04,A003,20,False
2025-12-04,A004,8,False
2025-12-04,A005,11,False
2025-12-04,A006,12,False
2025-12-04,B001,6,False
2025-12-04,B002,9,False
2025-12-05,M001,4,False
2025-12-05,M002,10,False
2025-12-05,M003,3,False
2025-12-05,A001,17,False
2025-12-05,A002,14,False
2025-12-05,A003,11,False
2025-12-05,A004,9,False
2025-12-05,A005,14,False
2025-12-05,A006,7,False
2025-12-05,B001,7,False
2025-12-05,B002,6,False
2025-12-06,M001,8,False
2025-12-06,M002,5,False
2025-12-06,M003,4,False
2025-12-06,A001,20,False
2025-12-06,A002,15,False
2025-12-06,A003,13,False
2025-12-06,A004,8,False
2025-12-06,A005,13,False
2025-12-06,A006,9,False
2025-12-06,B001,10,False
2025-12-06,B002,2,False
2025-12-07,M001,5,False
2025-12-07,M002,7,False
2025-12-07,M003,7,False
2025-12-07,A001,18,False
2025-12-07,A002,12,False
2025-12-07,A003,18,False
2025-12-07,A004,14,False
2025-12-07,A005,14,False
2025-12-07,A006,6,False
2025-12-07,B001,6,False
2025-12-07,B002,4,False
2025-12-08,M001,8,False
2025-12-08,M002,6,False
2025-12-08,M003,4,False
2025-12-08,A001,9,False
2025-12-08,A002,11,False
2025-12-08,A003,15,False
2025-12-08,A004,7,False
2025-12-08,A005,5,False
2025-12-08,A006,5,False
2025-12-08,B001,9,False
2025-12-08,B002,6,False
2025-12-09,M001,0,False
2025-12-09,M002,4,False
2025-12-09,M003,7,False
2025-12-09,A001,11,False
2025-12-09,A002,11,False
2025-12-09,A003,15,False
2025-12-09,A004,6,False
2025-12-09,A005,5,False
2025-12-09,A006,6,False
2025-12-09,B001,7,False
2025-12-09,B002,2,False
2025-12-10,M001,4,False
2025-12-10,M002,7,False
2025-12-10,M003,3,False
2025-12-10,A001,12,False
2025-12-10,A002,13,False
2025-12-10,A003,7,False
2025-12-10,A004,8,False
2025-12-10,A005,11,False
2025-12-10,A006,7,False
2025-12-10,B001,4,False
2025-12-10,B002,3,False
2025-12-11,M001,9,False
2025-12-11,M002,5,False
2025-12-11,M003,1,False
2025-12-11,A001,22,False
2025-12-11,A002,13,False
2025-12-11,A003,16,False
2025-12-11,A004,11,False
2025-12-11,A005,7,False
2025-12-11,A006,5,False
2025-12-11,B001,5,False
2025-12-11,B002,5,False
2025-12-12,M001,10,False
2025-12-12,M002,0,False
2025-12-12,M003,5,False
2025-12-12,A001,12,False
2025-12-12,A002,13,False
2025-12-12,A003,10,False
2025-12-12,A004,8,False
2025-12-12,A005,17,False
2025-12-12,A006,11,False
2025-12-12,B001,5,False
2025-12-12,B002,5,False
2025-12-13,M001,8,False
2025-12-13,M002,4,False
2025-12-13,M003,4,False
2025-12-13,A001,25,False
2025-12-13,A002,9,False
2025-12-13,A003,10,False
2025-12-13,A004,9,False
2025-12-13,A005,20,False
2025-12-13,A006,13,False
2025-12-13,B001,15,False
2025-12-13,B002,8,False
2025-12-14,M001,8,False
2025-12-14,M002,5,False
2025-12-14,M003,5,False
2025-12-14,A001,22,False
2025-12-14,A002,24,False
2025-12-14,A003,15,False
2025-12-14,A004,8,False
2025-12-14,A005,13,False
2025-12-14,A006,13,False
2025-12-14,B001,6,False
2025-12-14,B002,7,False
2025-12-15,M001,11,True
2025-12-15,M002,10,True
2025-12-15,M003,11,True
2025-12-15,A001,38,True
2025-12-15,A002,29,True
2025-12-15,A003,26,True
2025-12-15,A004,11,True
2025-12-15,A005,19,True
2025-12-15,A006,17,True
2025-12-15,B001,20,True
2025-12-15,B002,11,True
2025-12-16,M001,9,True
2025-12-16,M002,12,True
2025-12-16,M003,13,True
2025-12-16,A001,33,True
2025-12-16,A002,17,True
2025-12-16,A003,20,True
2025-12-16,A004,17,True
2025-12-16,A005,16,True
2025-12-16,A006,17,True
2025-12-16,B001,18,True
2025-12-16,B002,10,True
2025-12-17,M001,0,True
2025-12-17,M002,7,True
2025-12-17,M003,6,True
2025-12-17,A001,45,True
2025-12-17,A002,19,True
2025-12-17,A003,27,True
2025-12-17,A004,22,True
2025-12-17,A005,14,True
2025-12-17,A006,10,True
2025-12-17,B001,10,True
2025-12-17,B002,9,True
2025-12-18,M001,0,True
2025-12-18,M002,18,True
2025-12-18,M003,10,True
2025-12-18,A001,43,True
2025-12-18,A002,40,True
2025-12-18,A003,30,True
2025-12-18,A004,28,True
2025-12-18,A005,32,True
2025-12-18,A006,25,True
2025-12-18,B001,23,True
2025-12-18,B002,6,True
2025-12-19,M001,15,True
2025-12-19,M002,12,True
2025-12-19,M003,10,True
2025-12-19,A001,37,True
2025-12-19,A002,33,True
2025-12-19,A003,34,True
2025-12-19,A004,23,True
2025-12-19,A005,34,True
2025-12-19,A006,18,True
2025-12-19,B001,23,True
2025-12-19,B002,10,True
2025-12-20,M001,13,True
2025-12-20,M002,20,True
2025-12-20,M003,9,True
2025-12-20,A001,60,True
2025-12-20,A002,34,True
2025-12-20,A003,45,True
2025-12-20,A004,33,True
2025-12-20,A005,19,True
2025-12-20,A006,29,True
2025-12-20,B001,16,True
2025-12-20,B002,12,True
2025-12-21,M001,14,True
2025-12-21,M002,0,True
2025-12-21,M003,12,True
2025-12-21,A001,43,True
2025-12-21,A002,24,True
2025-12-21,A003,39,True
2025-12-21,A004,26,True
2025-12-21,A005,32,True
2025-12-21,A006,23,True
2025-12-21,B001,17,True
2025-12-21,B002,10,True
2025-12-22,M001,11,True
2025-12-22,M002,14,True
2025-12-22,M003,11,True
2025-12-22,A001,34,True
2025-12-22,A002,25,True
2025-12-22,A003,20,True
2025-12-22,A004,12,True
2025-12-22,A005,25,True
2025-12-22,A006,21,True
2025-12-22,B001,13,True
2025-12-22,B002,11,True
2025-12-23,M001,12,True
2025-12-23,M002,14,True
2025-12-23,M003,12,True
2025-12-23,A001,28,True
2025-12-23,A002,33,True
2025-12-23,A003,23,True
2025-12-23,A004,19,True
2025-12-23,A005,24,True
2025-12-23,A006,14,True
2025-12-23,B001,14,True
2025-12-23,B002,4,True
2025-12-24,M001,12,True
2025-12-24,M002,12,True
2025-12-24,M003,8,True
2025-12-24,A001,39,True
2025-12-24,A002,20,True
2025-12-24,A003,20,True
2025-12-24,A004,20,True
2025-12-24,A005,17,True
2025-12-24,A006,17,True
2025-12-24,B001,21,True
2025-12-24,B002,6,True
2025-12-25,M001,11,True
2025-12-25,M002,10,True
2025-12-25,M003,5,True
2025-12-25,A001,37,True
2025-12-25,A002,19,True
2025-12-25,A003,39,True
2025-12-25,A004,17,True
2025-12-25,A005,27,True
2025-12-25,A006,25,True
2025-12-25,B001,24,True
2025-12-25,B002,8,True
2025-12-26,M001,6,False
2025-12-26,M002,5,False
2025-12-26,M003,8,False
2025-12-26,A001,11,False
2025-12-26,A002,12,False
2025-12-26,A003,10,False
2025-12-26,A004,7,False
2025-12-26,A005,12,False
2025-12-26,A006,7,False
2025-12-26,B001,5,False
2025-12-26,B002,6,False
2025-12-27,M001,11,False
2025-12-27,M002,7,False
2025-12-27,M003,8,False
2025-12-27,A001,24,False
2025-12-27,A002,12,False
2025-12-27,A003,13,False
2025-12-27,A004,13,False
2025-12-27,A005,11,False
2025-12-27,A006,4,False
2025-12-27,B001,10,False
2025-12-27,B002,6,False
2025-12-28,M001,9,False
2025-12-28,M002,4,False
2025-12-28,M003,8,False
2025-12-28,A001,22,False
2025-12-28,A002,12,False
2025-12-28,A003,19,False
2025-12-28,A004,6,False
2025-12-28,A005,9,False
2025-12-28,A006,12,False
2025-12-28,B001,15,False
2025-12-28,B002,3,False
2025-12-29,M001,5,False
2025-12-29,M002,5,False
2025-12-29,M003,8,False
2025-12-29,A001,12,False
2025-12-29,A002,10,False
2025-12-29,A003,12,False
2025-12-29,A004,8,False
2025-12-29,A005,11,False
2025-12-29,A006,3,False
2025-12-29,B001,4,False
2025-12-29,B002,3,False
2025-12-30,M001,5,False
2025-12-30,M002,5,False
2025-12-30,M003,1,False
2025-12-30,A001,18,False
2025-12-30,A002,9,False
2025-12-30,A003,8,False
2025-12-30,A004,9,False
2025-12-30,A005,8,False
2025-12-30,A006,5,False
2025-12-30,B001,4,False
2025-12-30,B002,5,False
2025-12-31,M001,5,False
2025-12-31,M002,5,False
2025-12-31,M003,2,False
2025-12-31,A001,15,False
2025-12-31,A002,4,False
2025-12-31,A003,10,False
2025-12-31,A004,11,False
2025-12-31,A005,8,False
2025-12-31,A006,7,False
2025-12-31,B001,9,False
2025-12-31,B002,5,False
2026-01-01,M001,2,True
2026-01-01,M002,10,True
2026-01-01,M003,7,True
2026-01-01,A001,26,True
2026-01-01,A002,18,True
2026-01-01,A003,23,True
2026-01-01,A004,10,True
2026-01-01,A005,13,True
2026-01-01,A006,7,True
2026-01-01,B001,8,True
2026-01-01,B002,8,True
2026-01-02,M001,4,True
2026-01-02,M002,7,True
2026-01-02,M003,7,True
2026-01-02,A001,24,True
2026-01-02,A002,14,True
2026-01-02,A003,18,True
2026-01-02,A004,12,True
2026-01-02,A005,14,True
2026-01-02,A006,8,True
2026-01-02,B001,9,True
2026-01-02,B002,4,True
2026-01-03,M001,12,True
2026-01-03,M002,8,True
2026-01-03,M003,6,True
2026-01-03,A001,22,True
2026-01-03,A002,20,True
2026-01-03,A003,25,True
2026-01-03,A004,10,True
2026-01-03,A005,18,True
2026-01-03,A006,22,True
2026-01-03,B001,12,True
2026-01-03,B002,9,True
2026-01-04,M001,8,True
2026-01-04,M002,5,True
2026-01-04,M003,8,True
2026-01-04,A001,33,True
2026-01-04,A002,18,True
2026-01-04,A003,24,True
2026-01-04,A004,22,True
2026-01-04,A005,18,True
2026-01-04,A006,13,True
2026-01-04,B001,15,True
2026-01-04,B002,7,True
2026-01-05,M001,1,True
2026-01-05,M002,6,True
2026-01-05,M003,1,True
2026-01-05,A001,14,True
2026-01-05,A002,14,True
2026-01-05,A003,15,True
2026-01-05,A004,11,True
2026-01-05,A005,15,True
2026-01-05,A006,11,True
2026-01-05,B001,11,True
2026-01-05,B002,5,True
2026-01-06,M001,6,True
2026-01-06,M002,0,True
2026-01-06,M003,1,True
2026-01-06,A001,22,True
2026-01-06,A002,17,True
2026-01-06,A003,18,True
2026-01-06,A004,7,True
2026-01-06,A005,16,True
2026-01-06,A006,6,True
2026-01-06,B001,12,True
2026-01-06,B002,7,True
2026-01-07,M001,5,True
2026-01-07,M002,6,True
2026-01-07,M003,3,True
2026-01-07,A001,20,True
2026-01-07,A002,15,True
2026-01-07,A003,8,True
2026-01-07,A004,12,True
2026-01-07,A005,10,True
2026-01-07,A006,11,True
2026-01-07,B001,11,True
2026-01-07,B002,5,True
2026-01-08,M001,0,False
2026-01-08,M002,0,False
2026-01-08,M003,1,False
2026-01-08,A001,8,False
2026-01-08,A002,6,False
2026-01-08,A003,10,False
2026-01-08,A004,7,False
2026-01-08,A005,7,False
2026-01-08,A006,3,False
2026-01-08,B001,4,False
2026-01-08,B002,3,False
2026-01-09,M001,3,False
2026-01-09,M002,5,False
2026-01-09,M003,5,False
2026-01-09,A001,10,False
2026-01-09,A002,7,False
2026-01-09,A003,12,False
2026-01-09,A004,5,False
2026-01-09,A005,9,False
2026-01-09,A006,4,False
2026-01-09,B001,2,False
2026-01-09,B002,4,False
2026-01-10,M001,5,False
2026-01-10,M002,2,False
2026-01-10,M003,0,False
2026-01-10,A001,8,False
2026-01-10,A002,6,False
2026-01-10,A003,11,False
2026-01-10,A004,9,False
2026-01-10,A005,7,False
2026-01-10,A006,6,False
2026-01-10,B001,3,False
2026-01-10,B002,4,False
2026-01-11,M001,6,False
2026-01-11,M002,5,False
2026-01-11,M003,0,False
2026-01-11,A001,13,False
2026-01-11,A002,11,False
2026-01-11,A003,9,False
2026-01-11,A004,5,False
2026-01-11,A005,12,False
2026-01-11,A006,5,False
2026-01-11,B001,5,False
2026-01-11,B002,0,False
2026-01-12,M001,1,False
2026-01-12,M002,5,False
2026-01-12,M003,1,False
2026-01-12,A001,7,False
2026-01-12,A002,4,False
2026-01-12,A003,2,False
2026-01-12,A004,4,False
2026-01-12,A005,2,False
2026-01-12,A006,8,False
2026-01-12,B001,4,False
2026-01-12,B002,1,False
2026-01-13,M001,2,False
2026-01-13,M002,3,False
2026-01-13,M003,2,False
2026-01-13,A001,8,False
2026-01-13,A002,4,False
2026-01-13,A003,7,False
2026-01-13,A004,6,False
2026-01-13,A005,4,False
2026-01-13,A006,3,False
2026-01-13,B001,5,False
2026-01-13,B002,3,False
2026-01-14,M001,0,False
2026-01-14,M002,1,False
2026-01-14,M003,2,False
2026-01-14,A001,7,False
2026-01-14,A002,4,False
2026-01-14,A003,6,False
2026-01-14,A004,5,False
2026-01-14,A005,2,False
2026-01-14,A006,4,False
2026-01-14,B001,3,False
2026-01-14,B002,2,False
2026-01-15,M001,4,False
2026-01-15,M002,0,False
2026-01-15,M003,0,False
2026-01-15,A001,12,False
2026-01-15,A002,9,False
2026-01-15,A003,5,False
2026-01-15,A004,4,False
2026-01-15,A005,9,False
2026-01-15,A006,1,False
2026-01-15,B001,4,False
2026-01-15,B002,1,False
2026-01-16,M001,4,False
2026-01-16,M002,5,False
2026-01-16,M003,4,False
2026-01-16,A001,15,False
2026-01-16,A002,5,False
2026-01-16,A003,10,False
2026-01-16,A004,6,False
2026-01-16,A005,8,False
2026-01-16,A006,9,False
2026-01-16,B001,1,False
2026-01-16,B002,1,False
2026-01-17,M001,7,False
2026-01-17,M002,6,False
2026-01-17,M003,5,False
2026-01-17,A001,7,False
2026-01-17,A002,9,False
2026-01-17,A003,7,False
2026-01-17,A004,4,False
2026-01-17,A005,9,False
2026-01-17,A006,4,False
2026-01-17,B001,4,False
2026-01-17,B002,3,False
2026-01-18,M001,2,False
2026-01-18,M002,3,False
2026-01-18,M003,2,False
2026-01-18,A001,9,False
2026-01-18,A002,14,False
2026-01-18,A003,6,False
2026-01-18,A004,9,False
2026-01-18,A005,5,False
2026-01-18,A006,4,False
2026-01-18,B001,12,False
2026-01-18,B002,1,False
2026-01-19,M001,1,False
2026-01-19,M002,2,False
2026-01-19,M003,5,False
2026-01-19,A001,14,False
2026-01-19,A002,7,False
2026-01-19,A003,4,False
2026-01-19,A004,2,False
2026-01-19,A005,3,False
2026-01-19,A006,2,False
2026-01-19,B001,0,False
2026-01-19,B002,1,False
2026-01-20,M001,3,False
2026-01-20,M002,2,False
2026-01-20,M003,4,False
2026-01-20,A001,11,False
2026-01-20,A002,3,False
2026-01-20,A003,6,False
2026-01-20,A004,5,False
2026-01-20,A005,6,False
2026-01-20,A006,10,False
2026-01-20,B001,4,False
2026-01-20,B002,0,False
2026-01-21,M001,2,False
2026-01-21,M002,2,False
2026-01-21,M003,2,False
2026-01-21,A001,2,False
2026-01-21,A002,4,False
2026-01-21,A003,11,False
2026-01-21,A004,5,False
2026-01-21,A005,1,False
2026-01-21,A006,1,False
2026-01-21,B001,3,False
2026-01-21,B002,5,False
2026-01-22,M001,3,False
2026-01-22,M002,6,False
2026-01-22,M003,4,False
2026-01-22,A001,11,False
2026-01-22,A002,6,False
2026-01-22,A003,5,False
2026-01-22,A004,3,False
2026-01-22,A005,5,False
2026-01-22,A006,4,False
2026-01-22,B001,3,False
2026-01-22,B002,2,False
2026-01-23,M001,6,False
2026-01-23,M002,2,False
2026-01-23,M003,3,False
2026-01-23,A001,12,False
2026-01-23,A002,10,False
2026-01-23,A003,7,False
2026-01-23,A004,10,False
2026-01-23,A005,3,False
2026-01-23,A006,1,False
2026-01-23,B001,4,False
2026-01-23,B002,4,False
2026-01-24,M001,2,False
2026-01-24,M002,5,False
2026-01-24,M003,2,False
2026-01-24,A001,13,False
2026-01-24,A002,6,False
2026-01-24,A003,10,False
2026-01-24,A004,4,False
2026-01-24,A005,9,False
2026-01-24,A006,8,False
2026-01-24,B001,10,False
2026-01-24,B002,5,False
2026-01-25,M001,2,False
2026-01-25,M002,4,False
2026-01-25,M003,1,False
2026-01-25,A001,14,False
2026-01-25,A002,7,False
2026-01-25,A003,2,False
2026-01-25,A004,7,False
2026-01-25,A005,9,False
2026-01-25,A006,4,False
2026-01-25,B001,3,False
2026-01-25,B002,1,False
2026-01-26,M001,1,False
2026-01-26,M002,0,False
2026-01-26,M003,3,False
2026-01-26,A001,5,False
2026-01-26,A002,6,False
2026-01-26,A003,3,False
2026-01-26,A004,8,False
2026-01-26,A005,2,False
2026-01-26,A006,4,False
2026-01-26,B001,4,False
2026-01-26,B002,0,False
2026-01-27,M001,4,False
2026-01-27,M002,2,False
2026-01-27,M003,1,False
2026-01-27,A001,11,False
2026-01-27,A002,3,False
2026-01-27,A003,3,False
2026-01-27,A004,5,False
2026-01-27,A005,8,False
2026-01-27,A006,5,False
2026-01-27,B001,3,False
2026-01-27,B002,0,False
2026-01-28,M001,0,False
2026-01-28,M002,5,False
2026-01-28,M003,2,False
2026-01-28,A001,10,False
2026-01-28,A002,6,False
2026-01-28,A003,5,False
2026-01-28,A004,4,False
2026-01-28,A005,2,False
2026-01-28,A006,3,False
2026-01-28,B001,3,False
2026-01-28,B002,2,False
2026-01-29,M001,6,False
2026-01-29,M002,7,False
2026-01-29,M003,2,False
2026-01-29,A001,12,False
2026-01-29,A002,4,False
2026-01-29,A003,5,False
2026-01-29,A004,10,False
2026-01-29,A005,6,False
2026-01-29,A006,6,False
2026-01-29,B001,3,False
2026-01-29,B002,6,False
2026-01-30,M001,4,False
2026-01-30,M002,4,False
2026-01-30,M003,1,False
2026-01-30,A001,10,False
2026-01-30,A002,12,False
2026-01-30,A003,7,False
2026-01-30,A004,2,False
2026-01-30,A005,3,False
2026-01-30,A006,2,False
2026-01-30,B001,9,False
2026-01-30,B002,4,False
2026-01-31,M001,4,False
2026-01-31,M002,4,False
2026-01-31,M003,2,False
2026-01-31,A001,10,False
2026-01-31,A002,10,False
2026-01-31,A003,9,False
2026-01-31,A004,6,False
2026-01-31,A005,5,False
2026-01-31,A006,5,False
2026-01-31,B001,5,False
2026-01-31,B002,4,False
2026-02-01,M001,3,False
2026-02-01,M002,2,False
2026-02-01,M003,0,False
2026-02-01,A001,5,False
2026-02-01,A002,14,False
2026-02-01,A003,9,False
2026-02-01,A004,9,False
2026-02-01,A005,10,False
2026-02-01,A006,8,False
2026-02-01,B001,6,False
2026-02-01,B002,3,False
2026-02-02,M001,2,False
2026-02-02,M002,2,False
2026-02-02,M003,3,False
2026-02-02,A001,8,False
2026-02-02,A002,4,False
2026-02-02,A003,5,False
2026-02-02,A004,5,False
2026-02-02,A005,1,False
2026-02-02,A006,5,False
2026-02-02,B001,4,False
2026-02-02,B002,3,False
2026-02-03,M001,2,False
2026-02-03,M002,4,False
2026-02-03,M003,1,False
2026-02-03,A001,6,False
2026-02-03,A002,5,False
2026-02-03,A003,9,False
2026-02-03,A004,1,False
2026-02-03,A005,5,False
2026-02-03,A006,4,False
2026-02-03,B001,2,False
2026-02-03,B002,1,False
2026-02-04,M001,2,False
2026-02-04,M002,5,False
2026-02-04,M003,3,False
2026-02-04,A001,8,False
2026-02-04,A002,6,False
2026-02-04,A003,8,False
2026-02-04,A004,1,False
2026-02-04,A005,3,False
2026-02-04,A006,4,False
2026-02-04,B001,3,False
2026-02-04,B002,3,False
2026-02-05,M001,1,False
2026-02-05,M002,7,False
2026-02-05,M003,1,False
2026-02-05,A001,10,False
2026-02-05,A002,9,False
2026-02-05,A003,9,False
2026-02-05,A004,4,False
2026-02-05,A005,8,False
2026-02-05,A006,4,False
2026-02-05,B001,6,False
2026-02-05,B002,1,False
2026-02-06,M001,4,False
2026-02-06,M002,3,False
2026-02-06,M003,0,False
2026-02-06,A001,9,False
2026-02-06,A002,9,False
2026-02-06,A003,8,False
2026-02-06,A004,4,False
2026-02-06,A005,5,False
2026-02-06,A006,2,False
2026-02-06,B001,5,False
2026-02-06,B002,3,False
2026-02-07,M001,1,False
2026-02-07,M002,4,False
2026-02-07,M003,4,False
2026-02-07,A001,14,False
2026-02-07,A002,10,False
2026-02-07,A003,9,False
2026-02-07,A004,3,False
2026-02-07,A005,9,False
2026-02-07,A006,8,False
2026-02-07,B001,8,False
2026-02-07,B002,4,False
2026-02-08,M001,3,False
2026-02-08,M002,5,False
2026-02-08,M003,4,False
2026-02-08,A001,6,False
2026-02-08,A002,7,False
2026-02-08,A003,6,False
2026-02-08,A004,3,False
2026-02-08,A005,12,False
2026-02-08,A006,4,False
2026-02-08,B001,5,False
2026-02-08,B002,3,False
2026-02-09,M001,3,False
2026-02-09,M002,3,False
2026-02-09,M003,1,False
2026-02-09,A001,12,False
2026-02-09,A002,5,False
2026-02-09,A003,6,False
2026-02-09,A004,7,False
2026-02-09,A005,4,False
2026-02-09,A006,7,False
2026-02-09,B001,2,False
2026-02-09,B002,2,False
2026-02-10,M001,6,False
2026-02-10,M002,4,False
2026-02-10,M003,1,False
2026-02-10,A001,9,False
2026-02-10,A002,4,False
2026-02-10,A003,0,False
2026-02-10,A004,5,False
2026-02-10,A005,5,False
2026-02-10,A006,1,False
2026-02-10,B001,6,False
2026-02-10,B002,2,False
2026-02-11,M001,2,False
2026-02-11,M002,4,False
2026-02-11,M003,1,False
2026-02-11,A001,5,False
2026-02-11,A002,13,False
2026-02-11,A003,6,False
2026-02-11,A004,3,False
2026-02-11,A005,7,False
2026-02-11,A006,4,False
2026-02-11,B001,3,False
2026-02-11,B002,2,False
2026-02-12,M001,0,False
2026-02-12,M002,2,False
2026-02-12,M003,3,False
2026-02-12,A001,5,False
2026-02-12,A002,8,False
2026-02-12,A003,7,False
2026-02-12,A004,5,False
2026-02-12,A005,5,False
2026-02-12,A006,6,False
2026-02-12,B001,2,False
2026-02-12,B002,4,False
2026-02-13,M001,4,False
2026-02-13,M002,4,False
2026-02-13,M003,3,False
2026-02-13,A001,12,False
2026-02-13,A002,9,False
2026-02-13,A003,6,False
2026-02-13,A004,7,False
2026-02-13,A005,9,False
2026-02-13,A006,4,False
2026-02-13,B001,4,False
2026-02-13,B002,0,False
2026-02-14,M001,5,False
2026-02-14,M002,6,False
2026-02-14,M003,0,False
2026-02-14,A001,10,False
2026-02-14,A002,12,False
2026-02-14,A003,13,False
2026-02-14,A004,2,False
2026-02-14,A005,10,False
2026-02-14,A006,5,False
2026-02-14,B001,4,False
2026-02-14,B002,1,False
2026-02-15,M001,7,False
2026-02-15,M002,4,False
2026-02-15,M003,4,False
2026-02-15,A001,10,False
2026-02-15,A002,9,False
2026-02-15,A003,8,False
2026-02-15,A004,4,False
2026-02-15,A005,9,False
2026-02-15,A006,9,False
2026-02-15,B001,2,False
2026-02-15,B002,1,False
2026-02-16,M001,3,False
2026-02-16,M002,5,False
2026-02-16,M003,1,False
2026-02-16,A001,8,False
2026-02-16,A002,8,False
2026-02-16,A003,4,False
2026-02-16,A004,2,False
2026-02-16,A005,3,False
2026-02-16,A006,5,False
2026-02-16,B001,6,False
2026-02-16,B002,2,False
